,Acrylic_k,Acrylic_SE,OC_SE,OC_k,ITO_SE,SiN_SE,SiO2_SE,Acrylic_wk,OC_wk,sodalime_w,sodalime_n,sodalime_wk,sodalime_k,ITO_2_w,ITO_2_n,ITO_2_wk,ITO_2_k,OC_LENS_n,OC_LENS_k,OC_LENS_w,OC_LENS_wk,OC_HRI_LENS_n,OC_HRI_LENS_k,OC_HRI_LENS_w,OC_HRI_LENS_wk
0.0,0.025491392,2.373204252,3.01556936,0.026500732000000003,-18.20494516,2.406243551,0.643398916,276.56486110000003,295.6949887,0.31,1.5539233469999998,0.31,5e-05,0.401047791,2.06348,0.401047791,0.01245,1.7094,0.0,246.077,246.077,1.75673037,0.0,300.0,300.0
1.0,0.024506539,0.041397838,0.43680385,0.024999989,37.54041568,0.025657379,-0.048043627,279.4918757,299.8604628,0.3529,1.544418816,0.32,1.3800000000000007e-05,0.402637024,2.0609900000000003,0.402637024,0.011971,1.7068,0.0,247.679,247.679,1.75531837,0.0,301.0,301.0
2.0,0.02316994,-0.573670527,6.0142060960000014,0.024343429,21.84989348,-1.325906173,-0.319364245,283.20702630000005,301.9993668,0.3958,1.537794371,0.33,6.28e-06,0.4042262270000001,2.05855,0.4042262270000001,0.011515,1.7024,0.0,249.28,249.28,1.75375941,0.0,302.0,302.0
3.0,0.022067848,-1.91711523,-1.334833441,0.023147549,4.44979184,-0.093656342,0.090130984,286.5843138,305.8269019,0.4387,1.532976444,0.34,2.71e-06,0.40581543,2.056157,0.40581543,0.011082,1.6982,0.0,250.882,250.882,1.75207765,0.0,303.0,303.0
4.0,0.020895419,-0.030723886,-0.144466462,0.022022031,-0.143835762,-0.055972486,-0.073007589,290.4118236,309.76689760000005,0.4816,1.5293470969999998,0.35,1.12e-06,0.407404633,2.053809,0.407404633,0.010669,1.6951,0.0,252.483,252.483,1.75029643,0.0,304.0,304.0
5.0,0.019769911,1.7192928580000002,0.79008414,0.020919959,17.34133403,1.6417441730000002,1.402739063,294.5768924,313.5943314,0.5245,1.52653023,0.36,5.420000000000001e-07,0.408993835,2.051504,0.408993835,0.010277,1.693,0.0,254.085,254.085,1.74843783,0.0,305.0,305.0
6.0,0.019136809,-0.015173069,-0.41023708,0.020028946,0.022553617,0.025630849,0.0075657,296.8283076,317.1964641,0.5674,1.524286299,0.37,4.06e-07,0.410583008,2.04924,0.410583008,0.009903,1.6901,0.0,255.68599999999998,255.686,1.7465223,0.0,306.0,306.0
7.0,0.01840994,,,0.019184827,,,,299.9801168,320.573473,0.6103,1.522456865,0.38,5.939999999999999e-07,0.41217218,2.047016,0.41217218,0.009547,1.6865,0.0,257.288,257.288,1.74456844,0.0,307.0,307.0
8.0,0.017472033,,,0.01836417,,,,303.8073733,324.1755297,0.6532,1.520933742,0.39,2.8300000000000003e-07,0.413761383,2.04483,0.413761383,0.009208,1.6826,0.0,258.889,258.889,1.74259284,0.0,308.0,308.0
9.0,0.016487249,,,0.017520072,,,,308.1973633,328.0026849,0.6961,1.519641015,0.4,2.05e-07,0.415350525,2.04268,0.415350525,0.008884999999999999,1.6796,0.0,260.49,260.49,1.74060999,0.0,309.0,309.0
10.0,0.01561972,,,0.016793214,,,,312.47469,331.3795671000001,0.7390000000000001,1.518524145,0.41,2.18e-07,0.416939636,2.040565,0.416939636,0.008577,1.6769,0.0,262.092,262.092,1.73863234,0.0,310.0,310.0
11.0,0.014588068,,,0.016066371,,,,317.6524867,335.0940591,0.7819,1.517543129,0.42,2.28e-07,0.418528809,2.038484,0.418528809,0.008284,1.6749,0.0,263.693,263.693,1.73667032,0.0,311.0,311.0
12.0,0.0137909,,,0.015011273,,,,322.042274,340.38441760000006,0.8248,1.5166680890000002,0.43,2.4e-07,0.42011792,2.036436,0.42011792,0.008004,1.6727,0.0,265.295,265.295,1.73473245,0.0,312.0,312.0
13.0,0.013134435,,,0.014284467,,,,326.2068363,344.8866656,0.8677,1.515876346,0.44,2.34e-07,0.421707092,2.03442,0.421707092,0.007737000000000002,1.6705,0.0,266.89599999999996,266.896,1.73282552,0.0,313.0,313.0
14.0,0.012266959,,,0.013346661,,,,331.6095288,350.8521169,0.9106,1.515150433,0.45,1.93e-07,0.423296143,2.032434,0.423296143,0.007481999999999998,1.6678,0.0,268.497,268.497,1.73095473,0.0,314.0,314.0
15.0,0.011469855,,,0.012619882,,,,337.34975489999994,355.9170477,0.9535,1.514476723,0.46,1.67e-07,0.424885254,2.030478,0.424885254,0.007239,1.6661,0.0,270.099,270.099,1.72912385,0.0,315.0,315.0
16.0,0.010743108,,,0.012057203999999998,,,,343.08990510000007,359.63136230000015,0.9964,1.5138444569999998,0.47,1.7e-07,0.426474365,2.028551,0.426474365,0.007006999999999999,1.6644,0.0,271.7,271.7,1.72733547,0.0,316.0,316.0
17.0,0.009992918,,,0.011260142,,,,349.0551538,366.2718811,1.039,1.513249144,0.48,1.68e-07,0.428063416,2.026651,0.428063416,0.006786,1.6633,0.0,273.301,273.301,1.7255911,0.0,317.0,317.0
18.0,0.009242766,,,0.010580283,,,,355.8081585,371.6743709,1.082,1.512674206,0.49,1.55e-07,0.429652496,2.024778,0.429652496,0.006573999999999999,1.6628,0.0,274.903,274.903,1.72389139,0.0,318.0,318.0
19.0,0.008398895,,,0.00973637,,,,364.4743861,379.440306,1.125,1.512119704,0.5,1.49e-07,0.431241516,2.0229310000000003,0.431241516,0.006372,1.6619,0.0,276.504,276.504,1.72223629,0.0,319.0,319.0
20.0,0.007601965,,,0.00912692,,,,373.928319,385.9680855,1.168,1.511580989,0.51,1.5e-07,0.432830566,2.02111,0.432830566,0.006179,1.6609,0.0,278.105,278.105,1.72062518,0.0,320.0,320.0
21.0,0.006734774000000001,,,0.008564338000000001,,,,385.4079862,391.7080584,1.211,1.5110542269999998,0.52,1.58e-07,0.434419586,2.019313,0.434419586,0.005995,1.6596,0.0,279.70599999999996,279.706,1.71905698,0.0,321.0,321.0
22.0,0.005891088,,,0.008142446999999999,,,,398.0129938,396.9977331,1.254,1.510536226,0.53,1.7699999999999996e-07,0.436008545,2.0175400000000003,0.436008545,0.005819,1.6586,0.0,281.307,281.307,1.71753032,0.0,322.0,322.0
23.0,0.005258408000000001,,,0.007603364,,,,409.2673345,403.7505097,1.297,1.510024316,0.54,1.99e-07,0.437597565,2.015789,0.437597565,0.005651,1.6577,0.0,282.909,282.909,1.71604359,0.0,323.0,323.0
24.0,0.004836686,,,0.007158079,,,,418.1581794,410.278112,1.34,1.5095162480000002,0.55,2.2e-07,0.439186523,2.014062,0.439186523,0.00549,1.6567,0.0,284.51,284.51,1.71459503,0.0,324.0,324.0
25.0,0.004180690999999999,,,0.006665927,,,,432.3384962,417.5935209,1.383,1.5090101180000002,0.56,2.53e-07,0.4407754820000001,2.012356,0.4407754820000001,0.005336,1.6559,0.0,286.111,286.111,1.71318279,0.0,325.0,325.0
26.0,0.003759201,,,0.006103456,,,,446.1809501,425.6967617,1.425,1.508516073,0.57,3.05e-07,0.44236441,2.010671,0.44236441,0.005188,1.655,0.0,287.712,287.712,1.71180503,0.0,326.0,326.0
27.0,0.003150369,,,0.005681676,,,,465.8755082,433.3497043,1.4680000000000002,1.508009224,0.58,3.56e-07,0.443953308,2.009007,0.443953308,0.005048,1.6538,0.0,289.313,289.313,1.71045988,0.0,327.0,327.0
28.0,0.002799194,,,0.005049043,,,,478.8175935,445.6168742,1.511,1.5075001330000002,0.59,4e-07,0.445542236,2.007362,0.445542236,0.004913,1.6517,0.0,290.914,290.914,1.70914554,0.0,328.0,328.0
29.0,0.002448277,,,0.004650795,,,,497.2739707,454.9578399,1.554,1.506987768,0.6,4.55e-07,0.447131104,2.005738,0.447131104,0.004784,1.6498,0.0,292.515,292.515,1.70786028,0.0,329.0,329.0
30.0,0.002050498,,,0.004276046,,,,516.6306911,465.3116095,1.597,1.50647123,0.61,5.22e-07,0.448719971,2.004132,0.448719971,0.004661,1.6478,0.0,294.117,294.117,1.70660246,0.0,330.0,330.0
31.0,0.0017465279999999998,,,0.003877892,,,,535.9873102,476.6782336,1.64,1.505949739,0.62,5.970000000000001e-07,0.4503087770000001,2.002544,0.4503087770000001,0.004543,1.6455,0.0,295.718,295.718,1.7053705000000001,0.0,331.0,331.0
32.0,0.0015130360000000002,,,0.003386178,,,,557.9321944,493.3341776,1.683,1.5054226119999998,0.63,6.909999999999999e-07,0.451897614,2.0009740000000003,0.451897614,0.00443,1.6437,0.0,297.319,297.319,1.70416296,0.0,332.0,332.0
33.0,0.0013261470000000002,,,0.002988215,,,,573.4624435,508.7521181,1.726,1.504889251,0.64,7.75e-07,0.45348642,1.999421,0.45348642,0.004322,1.6419,0.0,298.92,298.92,1.70297849,0.0,333.0,333.0
34.0,0.001139945,,,0.002730753,,,,603.6224465,519.6684438999998,1.769,1.504349128,0.65,8.37e-07,0.455075195,1.997886,0.455075195,0.004218,1.6404,0.0,300.52099999999996,300.521,1.70181583,0.0,334.0,334.0
35.0,0.0009066,,,0.0024499870000000003,,,,628.7183546,533.7358188999998,1.812,1.503801779,0.66,9.11e-07,0.456663971,1.996366,0.456663971,0.004118999999999999,1.639,0.0,302.122,302.122,1.70067383,0.0,335.0,335.0
36.0,0.000766996,,,0.0021928,,,,652.351186,550.5040462999998,1.854,1.503259789,0.67,1.01e-06,0.458252686,1.994863,0.458252686,0.004024,1.6378,0.0,303.723,303.723,1.69955142,0.0,336.0,336.0
37.0,0.00069751,,,0.001865415,,,,670.9197958,570.6484467,1.897,1.502696989,0.68,1.1e-06,0.4598414000000001,1.993375,0.4598414000000001,0.003934,1.6361,0.0,305.324,305.324,1.69844763,0.0,337.0,337.0
38.0,0.000557758,,,0.001678647,,,,691.4016033,588.7670369,1.94,1.502125867,0.69,1.16e-06,0.461430084,1.991902,0.461430084,0.003847,1.6349,0.0,306.9240000000001,306.9240000000001,1.69736156,0.0,338.0,338.0
39.0,0.000534939,,,0.001468465,,,,704.9060168999997,607.6734084,1.983,1.501546132,0.7,1.23e-06,0.463018738,1.990445,0.463018738,0.003764,1.6339,0.0,308.525,308.525,1.69629241,0.0,339.0,339.0
40.0,0.000488948,,,0.001258393,,,,724.3748939,628.9430477999998,2.026,1.500957522,0.71,1.35e-06,0.464607361,1.989001,0.464607361,0.003684,1.6336,0.0,310.126,310.126,1.69523941,0.0,340.0,340.0
41.0,0.000419595,,,0.001095426,,,,745.7569179999997,654.4890262,2.069,1.500359805,0.72,1.47e-06,0.466195984,1.987571,0.466195984,0.003608,1.6339,0.0,311.7270000000001,311.7270000000001,1.69420189,0.0,341.0,341.0
42.0,0.000396929,,,0.000979369,,,,762.524892,680.1474905,2.112,1.499752769,0.73,1.59e-06,0.467784576,1.986155,0.467784576,0.003535,1.6342,0.0,313.328,313.328,1.69317922,0.0,342.0,342.0
43.0,0.000351017,,,0.000933114,,,,783.6818176,693.9895391,2.155,1.499136224,0.74,1.71e-06,0.469373138,1.984752,0.469373138,0.003465,1.6337,0.0,314.9290000000001,314.9290000000001,1.69217082,0.0,343.0,343.0
44.0,0.000328415,,,0.0007700469999999999,,,,801.8002305,717.3973227000001,2.198,1.49851,0.75,1.83e-06,0.47096167,1.983362,0.47096167,0.0033979999999999995,1.6324,0.0,316.529,316.529,1.69117617,0.0,344.0,344.0
45.0,0.000282619,,,0.00067713,,,,825.4329606000001,736.4161042000003,2.241,1.497873941,0.76,1.96e-06,0.472550201,1.981985,0.472550201,0.003334,1.6312,0.0,318.13,318.13,1.69019477,0.0,345.0,345.0
46.0,,,,0.000607808,,,,,758.4733476,2.283,1.497243046,0.77,2.09e-06,0.474138672,1.98062,0.474138672,0.003272,1.6293,0.0,319.731,319.731,1.68922619,0.0,346.0,346.0
47.0,,,,0.000561469,,,,,770.5148111000003,2.326,1.496587146,0.78,2.21e-06,0.475727112,1.979266,0.475727112,0.003214,1.6278,0.0,321.332,321.332,1.6882700000000002,0.0,347.0,347.0
48.0,,,,0.000468615,,,,,790.8840313999997,2.369,1.495921029,0.79,2.35e-06,0.477315521,1.977924,0.477315521,0.003157,1.6265,0.0,322.932,322.932,1.68732582,0.0,348.0,348.0
49.0,,,,0.00047022,,,,,825.0951482,2.412,1.495244589,0.8,2.48e-06,0.478903961,1.976594,0.478903961,0.003104,1.6251,0.0,324.533,324.533,1.6863933,0.0,349.0,349.0
50.0,,,,,,,,,,,,,,,,,,1.6239,0.0,326.134,326.134,1.68547212,0.0,350.0,350.0
51.0,,,,,,,,,,,,,,,,,,1.6227,0.0,327.7340000000001,327.7340000000001,1.68456195,0.0,351.0,351.0
52.0,,,,,,,,,,,,,,,,,,1.6214,0.0,329.335,329.335,1.68366252,0.0,352.0,352.0
53.0,,,,,,,,,,,,,,,,,,1.6205,0.0,330.935,330.935,1.68277356,0.0,353.0,353.0
54.0,,,,,,,,,,,,,,,,,,1.6191,0.0,332.536,332.536,1.68189482,0.0,354.0,354.0
55.0,,,,,,,,,,,,,,,,,,1.6173,0.0,334.13599999999997,334.136,1.68102605,0.0,355.0,355.0
56.0,,,,,,,,,,,,,,,,,,1.6166,0.0,335.73699999999997,335.737,1.68016704,0.0,356.0,356.0
57.0,,,,,,,,,,,,,,,,,,1.6155,0.0,337.337,337.337,1.67931757,0.0,357.0,357.0
58.0,,,,,,,,,,,,,,,,,,1.6145,0.0,338.9380000000001,338.9380000000001,1.67847746,0.0,358.0,358.0
59.0,,,,,,,,,,,,,,,,,,1.6137,0.0,340.538,340.538,1.6776465,0.0,359.0,359.0
60.0,,,,,,,,,,,,,,,,,,1.6127,0.0,342.139,342.139,1.67682452,0.0,360.0,360.0
61.0,,,,,,,,,,,,,,,,,,1.6117,0.0,343.73900000000015,343.73900000000015,1.67601136,0.0,361.0,361.0
62.0,,,,,,,,,,,,,,,,,,1.6107,0.0,345.339,345.339,1.67520684,0.0,362.0,362.0
63.0,,,,,,,,,,,,,,,,,,1.61,0.0,346.94,346.94,1.67441082,0.0,363.0,363.0
64.0,,,,,,,,,,,,,,,,,,1.6092,0.0,348.54,348.54,1.67362315,0.0,364.0,364.0
65.0,,,,,,,,,,,,,,,,,,1.6081,0.0,350.14,350.14,1.67284369,0.0,365.0,365.0
66.0,,,,,,,,,,,,,,,,,,1.6077,0.0,351.74,351.74,1.67207231,0.0,366.0,366.0
67.0,,,,,,,,,,,,,,,,,,1.6059999999999999,0.0,353.34,353.34,1.67130887,0.0,367.0,367.0
68.0,,,,,,,,,,,,,,,,,,1.605,0.0,354.941,354.941,1.67055326,0.0,368.0,368.0
69.0,,,,,,,,,,,,,,,,,,1.6049,0.0,356.541,356.541,1.66980536,0.0,369.0,369.0
70.0,,,,,,,,,,,,,,,,,,1.6041,0.0,358.14099999999996,358.141,1.66906504,0.0,370.0,370.0
71.0,,,,,,,,,,,,,,,,,,1.6035,0.0,359.741,359.741,1.66833222,0.0,371.0,371.0
72.0,,,,,,,,,,,,,,,,,,1.6028,0.0,361.341,361.341,1.66760677,0.0,372.0,372.0
73.0,,,,,,,,,,,,,,,,,,1.6021,0.0,362.941,362.941,1.66688861,0.0,373.0,373.0
74.0,,,,,,,,,,,,,,,,,,1.6013,0.0,364.541,364.541,1.66617763,0.0,374.0,374.0
75.0,,,,,,,,,,,,,,,,,,1.6005,0.0,366.14099999999996,366.141,1.66547374,0.0,375.0,375.0
76.0,,,,,,,,,,,,,,,,,,1.5997,0.0,367.741,367.741,1.66477685,0.0,376.0,376.0
77.0,,,,,,,,,,,,,,,,,,1.5991,0.0,369.34,369.34,1.66408688,0.0,377.0,377.0
78.0,,,,,,,,,,,,,,,,,,1.5988,0.0,370.94,370.94,1.66340373,0.0,378.0,378.0
79.0,,,,,,,,,,,,,,,,,,1.5977,0.0,372.54,372.54,1.66272734,0.0,379.0,379.0
80.0,,,,,,,,,,,,,,,,,,1.5971,0.0,374.14,374.14,1.66205762,0.0,380.0,380.0
81.0,,,,,,,,,,,,,,,,,,1.5971,0.0,375.74,375.74,1.6613944999999999,0.0,381.0,381.0
82.0,,,,,,,,,,,,,,,,,,1.5958,0.0,377.339,377.339,1.66073791,0.0,382.0,382.0
83.0,,,,,,,,,,,,,,,,,,1.5951,0.0,378.939,378.939,1.66008778,0.0,383.0,383.0
84.0,,,,,,,,,,,,,,,,,,1.5948,0.0,380.539,380.539,1.65944403,0.0,384.0,384.0
85.0,,,,,,,,,,,,,,,,,,1.5943,0.0,382.13800000000003,382.138,1.65880661,0.0,385.0,385.0
86.0,,,,,,,,,,,,,,,,,,1.5938,0.0,383.73800000000006,383.73800000000006,1.65817545,0.0,386.0,386.0
87.0,,,,,,,,,,,,,,,,,,1.5931,0.0,385.337,385.337,1.6575505000000001,0.0,387.0,387.0
88.0,,,,,,,,,,,,,,,,,,1.5927,0.0,386.93699999999995,386.937,1.65693169,0.0,388.0,388.0
89.0,,,,,,,,,,,,,,,,,,1.5922,0.0,388.536,388.536,1.65631897,0.0,389.0,389.0
90.0,,,,,,,,,,,,,,,,,,1.5918,0.0,390.13599999999997,390.136,1.65571229,0.0,390.0,390.0
91.0,,,,,,,,,,,,,,,,,,1.591,0.0,391.735,391.735,1.65511158,0.0,391.0,391.0
92.0,,,,,,,,,,,,,,,,,,1.5905,0.0,393.334,393.334,1.65451681,0.0,392.0,392.0
93.0,,,,,,,,,,,,,,,,,,1.5901,0.0,394.934,394.934,1.65392793,0.0,393.0,393.0
94.0,,,,,,,,,,,,,,,,,,1.5896,0.0,396.533,396.533,1.65334489,0.0,394.0,394.0
95.0,,,,,,,,,,,,,,,,,,1.5893,0.0,398.13199999999995,398.132,1.65276764,0.0,395.0,395.0
96.0,,,,,,,,,,,,,,,,,,1.5891,0.0,399.731,399.731,1.65219615,0.0,396.0,396.0
97.0,,,,,,,,,,,,,,,,,,1.5883,0.0,401.33,401.33,1.65163037,0.0,397.0,397.0
98.0,,,,,,,,,,,,,,,,,,1.5877,0.0,402.92900000000003,402.929,1.65107027,0.0,398.0,398.0
99.0,,,,,,,,,,,,,,,,,,1.5875,0.0,404.529,404.529,1.65051581,0.0,399.0,399.0
100.0,,,,,,,,,,,,,,,,,,1.587,0.0,406.12800000000004,406.128,1.64996695,0.0,400.0,400.0
101.0,,,,,,,,,,,,,,,,,,1.5861,0.0,407.727,407.727,1.64942367,0.0,401.0,401.0
102.0,,,,,,,,,,,,,,,,,,1.5857,0.0,409.32599999999996,409.326,1.64888594,0.0,402.0,402.0
103.0,,,,,,,,,,,,,,,,,,1.5853,0.0,410.92400000000004,410.924,1.64835371,0.0,403.0,403.0
104.0,,,,,,,,,,,,,,,,,,1.5848,0.0,412.523,412.523,1.64782698,0.0,404.0,404.0
105.0,,,,,,,,,,,,,,,,,,1.5845,0.0,414.12199999999996,414.122,1.64730572,0.0,405.0,405.0
106.0,,,,,,,,,,,,,,,,,,1.5842,0.0,415.721,415.721,1.6467898999999997,0.0,406.0,406.0
107.0,,,,,,,,,,,,,,,,,,1.5838,0.0,417.32,417.32,1.64627951,0.0,407.0,407.0
108.0,,,,,,,,,,,,,,,,,,1.5833,0.0,418.918,418.918,1.64577454,0.0,408.0,408.0
109.0,,,,,,,,,,,,,,,,,,1.5828,0.0,420.517,420.517,1.64527495,0.0,409.0,409.0
110.0,,,,,,,,,,,,,,,,,,1.5825,0.0,422.116,422.116,1.64478076,0.0,410.0,410.0
111.0,,,,,,,,,,,,,,,,,,1.5824,0.0,423.714,423.714,1.64429194,0.0,411.0,411.0
112.0,,,,,,,,,,,,,,,,,,1.5821,0.0,425.31300000000016,425.31300000000016,1.6438085,0.0,412.0,412.0
113.0,,,,,,,,,,,,,,,,,,1.5816,0.0,426.911,426.911,1.64333044,0.0,413.0,413.0
114.0,,,,,,,,,,,,,,,,,,1.5812,0.0,428.51,428.51,1.64285776,0.0,414.0,414.0
115.0,,,,,,,,,,,,,,,,,,1.5809,0.0,430.108,430.108,1.64239046,0.0,415.0,415.0
116.0,,,,,,,,,,,,,,,,,,1.5807,0.0,431.707,431.707,1.64192857,0.0,416.0,416.0
117.0,,,,,,,,,,,,,,,,,,1.5805,0.0,433.305,433.305,1.6414721,0.0,417.0,417.0
118.0,,,,,,,,,,,,,,,,,,1.5799,0.0,434.903,434.903,1.64102108,0.0,418.0,418.0
119.0,,,,,,,,,,,,,,,,,,1.5794,0.0,436.501,436.501,1.64057555,0.0,419.0,419.0
120.0,,,,,,,,,,,,,,,,,,1.5792,0.0,438.1,438.1,1.64013556,0.0,420.0,420.0
121.0,,,,,,,,,,,,,,,,,,1.579,0.0,439.69800000000004,439.698,1.63970117,0.0,421.0,421.0
122.0,,,,,,,,,,,,,,,,,,1.5785,0.0,441.296,441.296,1.63927245,0.0,422.0,422.0
123.0,,,,,,,,,,,,,,,,,,1.5778,0.0,442.894,442.894,1.63884952,0.0,423.0,423.0
124.0,,,,,,,,,,,,,,,,,,1.5776,0.0,444.49199999999996,444.492,1.63843252,0.0,424.0,424.0
125.0,,,,,,,,,,,,,,,,,,1.5775,0.0,446.09,446.09,1.63802165,0.0,425.0,425.0
126.0,,,,,,,,,,,,,,,,,,1.5772,0.0,447.68800000000016,447.68800000000016,1.63761724,0.0,426.0,426.0
127.0,,,,,,,,,,,,,,,,,,1.5767,0.0,449.286,449.286,1.63722006,0.0,427.0,427.0
128.0,,,,,,,,,,,,,,,,,,1.5764,0.0,450.88300000000004,450.883,1.6368308999999999,0.0,428.0,428.0
129.0,,,,,,,,,,,,,,,,,,1.5762,0.0,452.481,452.481,1.63644839,0.0,429.0,429.0
130.0,,,,,,,,,,,,,,,,,,1.5758,0.0,454.079,454.079,1.63607189,0.0,430.0,430.0
131.0,,,,,,,,,,,,,,,,,,1.5755,0.0,455.67699999999996,455.677,1.63570101,0.0,431.0,431.0
132.0,,,,,,,,,,,,,,,,,,1.5753,0.0,457.274,457.274,1.63533545,0.0,432.0,432.0
133.0,,,,,,,,,,,,,,,,,,1.5751,0.0,458.87199999999996,458.872,1.63497498,0.0,433.0,433.0
134.0,,,,,,,,,,,,,,,,,,1.5749,0.0,460.469,460.469,1.6346194,0.0,434.0,434.0
135.0,,,,,,,,,,,,,,,,,,1.5745,0.0,462.06699999999995,462.067,1.63426854,0.0,435.0,435.0
136.0,,,,,,,,,,,,,,,,,,1.5742,0.0,463.664,463.664,1.63392223,0.0,436.0,436.0
137.0,,,,,,,,,,,,,,,,,,1.5741,0.0,465.26199999999994,465.262,1.63358035,0.0,437.0,437.0
138.0,,,,,,,,,,,,,,,,,,1.5739,0.0,466.85900000000004,466.859,1.63324275,0.0,438.0,438.0
139.0,,,,,,,,,,,,,,,,,,1.5737,0.0,468.45599999999996,468.456,1.63290932,0.0,439.0,439.0
140.0,,,,,,,,,,,,,,,,,,1.5733,0.0,470.05300000000005,470.05300000000005,1.63257996,0.0,440.0,440.0
141.0,,,,,,,,,,,,,,,,,,1.5730000000000002,0.0,471.65,471.65,1.63225455,0.0,441.0,441.0
142.0,,,,,,,,,,,,,,,,,,1.5728,0.0,473.24800000000016,473.24800000000016,1.631933,0.0,442.0,442.0
143.0,,,,,,,,,,,,,,,,,,1.5727,0.0,474.845,474.845,1.63161523,0.0,443.0,443.0
144.0,,,,,,,,,,,,,,,,,,1.5724,0.0,476.44199999999995,476.442,1.63130113,0.0,444.0,444.0
145.0,,,,,,,,,,,,,,,,,,1.5719999999999998,0.0,478.039,478.039,1.63099064,0.0,445.0,445.0
146.0,,,,,,,,,,,,,,,,,,1.5718,0.0,479.63599999999997,479.636,1.63068367,0.0,446.0,446.0
147.0,,,,,,,,,,,,,,,,,,1.5716,0.0,481.23199999999997,481.232,1.63038015,0.0,447.0,447.0
148.0,,,,,,,,,,,,,,,,,,1.5712,0.0,482.829,482.829,1.63008,0.0,448.0,448.0
149.0,,,,,,,,,,,,,,,,,,1.5706,0.0,484.426,484.426,1.62978316,0.0,449.0,449.0
150.0,,,,,,,,,,,,,,,,,,1.5706,0.0,486.023,486.023,1.62948957,0.0,450.0,450.0
151.0,,,,,,,,,,,,,,,,,,1.5708,0.0,487.619,487.619,1.62919915,0.0,451.0,451.0
152.0,,,,,,,,,,,,,,,,,,1.5706,0.0,489.216,489.216,1.62891185,0.0,452.0,452.0
153.0,,,,,,,,,,,,,,,,,,1.5702,0.0,490.81199999999995,490.812,1.62862762,0.0,453.0,453.0
154.0,,,,,,,,,,,,,,,,,,1.5699,0.0,492.409,492.409,1.62834638,0.0,454.0,454.0
155.0,,,,,,,,,,,,,,,,,,1.5695,0.0,494.005,494.005,1.62806809,0.0,455.0,455.0
156.0,,,,,,,,,,,,,,,,,,1.5693,0.0,495.602,495.602,1.6277926999999999,0.0,456.0,456.0
157.0,,,,,,,,,,,,,,,,,,1.5691,0.0,497.19800000000004,497.198,1.62752015,0.0,457.0,457.0
158.0,,,,,,,,,,,,,,,,,,1.5689,0.0,498.79400000000004,498.794,1.6272503999999999,0.0,458.0,458.0
159.0,,,,,,,,,,,,,,,,,,1.5688,0.0,500.39,500.39,1.62698339,0.0,459.0,459.0
160.0,,,,,,,,,,,,,,,,,,1.5686,0.0,501.98699999999997,501.987,1.62671908,0.0,460.0,460.0
161.0,,,,,,,,,,,,,,,,,,1.5684,0.0,503.583,503.583,1.62645743,0.0,461.0,461.0
162.0,,,,,,,,,,,,,,,,,,1.5682,0.0,505.17900000000003,505.179,1.62619838,0.0,462.0,462.0
163.0,,,,,,,,,,,,,,,,,,1.568,0.0,506.775,506.775,1.6259419,0.0,463.0,463.0
164.0,,,,,,,,,,,,,,,,,,1.5678,0.0,508.371,508.371,1.62568795,0.0,464.0,464.0
165.0,,,,,,,,,,,,,,,,,,1.5676,0.0,509.966,509.966,1.62543648,0.0,465.0,465.0
166.0,,,,,,,,,,,,,,,,,,1.5674,0.0,511.56199999999995,511.562,1.62518746,0.0,466.0,466.0
167.0,,,,,,,,,,,,,,,,,,1.5673,0.0,513.158,513.158,1.62494085,0.0,467.0,467.0
168.0,,,,,,,,,,,,,,,,,,1.5671,0.0,514.754,514.754,1.6246966,0.0,468.0,468.0
169.0,,,,,,,,,,,,,,,,,,1.5669,0.0,516.349,516.349,1.62445469,0.0,469.0,469.0
170.0,,,,,,,,,,,,,,,,,,1.5667,0.0,517.945,517.945,1.62421508,0.0,470.0,470.0
171.0,,,,,,,,,,,,,,,,,,1.5665,0.0,519.54,519.54,1.62397773,0.0,471.0,471.0
172.0,,,,,,,,,,,,,,,,,,1.5663,0.0,521.136,521.136,1.6237426000000001,0.0,472.0,472.0
173.0,,,,,,,,,,,,,,,,,,1.5661,0.0,522.731,522.731,1.62350968,0.0,473.0,473.0
174.0,,,,,,,,,,,,,,,,,,1.5659999999999998,0.0,524.326,524.326,1.62327891,0.0,474.0,474.0
175.0,,,,,,,,,,,,,,,,,,1.5661,0.0,525.922,525.922,1.62305028,0.0,475.0,475.0
176.0,,,,,,,,,,,,,,,,,,1.5663,0.0,527.5169999999998,527.5169999999998,1.62282375,0.0,476.0,476.0
177.0,,,,,,,,,,,,,,,,,,1.5665,0.0,529.112,529.112,1.62259929,0.0,477.0,477.0
178.0,,,,,,,,,,,,,,,,,,1.5664,0.0,530.707,530.707,1.62237687,0.0,478.0,478.0
179.0,,,,,,,,,,,,,,,,,,1.5662,0.0,532.302,532.302,1.62215646,0.0,479.0,479.0
180.0,,,,,,,,,,,,,,,,,,1.5661,0.0,533.8969999999998,533.8969999999998,1.62193804,0.0,480.0,480.0
181.0,,,,,,,,,,,,,,,,,,1.5658,0.0,535.492,535.492,1.62172157,0.0,481.0,481.0
182.0,,,,,,,,,,,,,,,,,,1.5655,0.0,537.087,537.087,1.62150703,0.0,482.0,482.0
183.0,,,,,,,,,,,,,,,,,,1.5651,0.0,538.681,538.681,1.6212944,0.0,483.0,483.0
184.0,,,,,,,,,,,,,,,,,,1.5647,0.0,540.276,540.276,1.62108364,0.0,484.0,484.0
185.0,,,,,,,,,,,,,,,,,,1.5645,0.0,541.871,541.871,1.62087473,0.0,485.0,485.0
186.0,,,,,,,,,,,,,,,,,,1.5644,0.0,543.465,543.465,1.62066765,0.0,486.0,486.0
187.0,,,,,,,,,,,,,,,,,,1.5643,0.0,545.06,545.06,1.62046237,0.0,487.0,487.0
188.0,,,,,,,,,,,,,,,,,,1.564,0.0,546.654,546.654,1.62025886,0.0,488.0,488.0
189.0,,,,,,,,,,,,,,,,,,1.5636,0.0,548.249,548.249,1.62005712,0.0,489.0,489.0
190.0,,,,,,,,,,,,,,,,,,1.5633,0.0,549.8430000000002,549.8430000000002,1.6198571000000002,0.0,490.0,490.0
191.0,,,,,,,,,,,,,,,,,,1.5632,0.0,551.437,551.437,1.61965879,0.0,491.0,491.0
192.0,,,,,,,,,,,,,,,,,,1.5631,0.0,553.031,553.031,1.61946217,0.0,492.0,492.0
193.0,,,,,,,,,,,,,,,,,,1.5630000000000002,0.0,554.625,554.625,1.61926722,0.0,493.0,493.0
194.0,,,,,,,,,,,,,,,,,,1.5629,0.0,556.219,556.219,1.6190739,0.0,494.0,494.0
195.0,,,,,,,,,,,,,,,,,,1.5627,0.0,557.813,557.813,1.61888221,0.0,495.0,495.0
196.0,,,,,,,,,,,,,,,,,,1.5626,0.0,559.4069999999998,559.4069999999998,1.61869213,0.0,496.0,496.0
197.0,,,,,,,,,,,,,,,,,,1.5624,0.0,561.001,561.001,1.61850362,0.0,497.0,497.0
198.0,,,,,,,,,,,,,,,,,,1.5624,0.0,562.595,562.595,1.61831668,0.0,498.0,498.0
199.0,,,,,,,,,,,,,,,,,,1.5622,0.0,564.189,564.189,1.61813128,0.0,499.0,499.0
200.0,,,,,,,,,,,,,,,,,,1.5619999999999998,0.0,565.7819999999998,565.7819999999998,1.6179473999999998,0.0,500.0,500.0
201.0,,,,,,,,,,,,,,,,,,1.5618,0.0,567.376,567.376,1.61776503,0.0,501.0,501.0
202.0,,,,,,,,,,,,,,,,,,1.5617,0.0,568.969,568.969,1.61758414,0.0,502.0,502.0
203.0,,,,,,,,,,,,,,,,,,1.5616,0.0,570.563,570.563,1.61740473,0.0,503.0,503.0
204.0,,,,,,,,,,,,,,,,,,1.5615,0.0,572.156,572.156,1.61722676,0.0,504.0,504.0
205.0,,,,,,,,,,,,,,,,,,1.5613,0.0,573.749,573.749,1.61705023,0.0,505.0,505.0
206.0,,,,,,,,,,,,,,,,,,1.5612,0.0,575.342,575.342,1.61687511,0.0,506.0,506.0
207.0,,,,,,,,,,,,,,,,,,1.5611,0.0,576.936,576.936,1.6167014,0.0,507.0,507.0
208.0,,,,,,,,,,,,,,,,,,1.561,0.0,578.529,578.529,1.61652906,0.0,508.0,508.0
209.0,,,,,,,,,,,,,,,,,,1.5609,0.0,580.122,580.122,1.61635809,0.0,509.0,509.0
210.0,,,,,,,,,,,,,,,,,,1.5608,0.0,581.715,581.715,1.61618848,0.0,510.0,510.0
211.0,,,,,,,,,,,,,,,,,,1.5608,0.0,583.307,583.307,1.61602019,0.0,511.0,511.0
212.0,,,,,,,,,,,,,,,,,,1.5606,0.0,584.9,584.9,1.61585323,0.0,512.0,512.0
213.0,,,,,,,,,,,,,,,,,,1.5604,0.0,586.493,586.493,1.61568757,0.0,513.0,513.0
214.0,,,,,,,,,,,,,,,,,,1.5604,0.0,588.086,588.086,1.6155232,0.0,514.0,514.0
215.0,,,,,,,,,,,,,,,,,,1.5604,0.0,589.678,589.678,1.6153601,0.0,515.0,515.0
216.0,,,,,,,,,,,,,,,,,,1.5602,0.0,591.271,591.271,1.61519826,0.0,516.0,516.0
217.0,,,,,,,,,,,,,,,,,,1.56,0.0,592.863,592.863,1.61503767,0.0,517.0,517.0
218.0,,,,,,,,,,,,,,,,,,1.5599,0.0,594.455,594.455,1.61487831,0.0,518.0,518.0
219.0,,,,,,,,,,,,,,,,,,1.5598,0.0,596.048,596.048,1.61472017,0.0,519.0,519.0
220.0,,,,,,,,,,,,,,,,,,1.5597,0.0,597.64,597.64,1.61456322,0.0,520.0,520.0
221.0,,,,,,,,,,,,,,,,,,1.5595,0.0,599.232,599.232,1.61440747,0.0,521.0,521.0
222.0,,,,,,,,,,,,,,,,,,1.5594,0.0,600.8240000000002,600.8240000000002,1.6142528999999999,0.0,522.0,522.0
223.0,,,,,,,,,,,,,,,,,,1.5593,0.0,602.4159999999998,602.4159999999998,1.61409949,0.0,523.0,523.0
224.0,,,,,,,,,,,,,,,,,,1.5592,0.0,604.008,604.008,1.61394723,0.0,524.0,524.0
225.0,,,,,,,,,,,,,,,,,,1.5591,0.0,605.6,605.6,1.61379611,0.0,525.0,525.0
226.0,,,,,,,,,,,,,,,,,,1.5589,0.0,607.191,607.191,1.61364612,0.0,526.0,526.0
227.0,,,,,,,,,,,,,,,,,,1.5587,0.0,608.783,608.783,1.61349724,0.0,527.0,527.0
228.0,,,,,,,,,,,,,,,,,,1.5586,0.0,610.375,610.375,1.61334946,0.0,528.0,528.0
229.0,,,,,,,,,,,,,,,,,,1.5586,0.0,611.966,611.966,1.61320278,0.0,529.0,529.0
230.0,,,,,,,,,,,,,,,,,,1.5585,0.0,613.558,613.558,1.61305717,0.0,530.0,530.0
231.0,,,,,,,,,,,,,,,,,,1.5584,0.0,615.149,615.149,1.61291262,0.0,531.0,531.0
232.0,,,,,,,,,,,,,,,,,,1.5583,0.0,616.74,616.74,1.61276914,0.0,532.0,532.0
233.0,,,,,,,,,,,,,,,,,,1.558,0.0,618.331,618.331,1.61262669,0.0,533.0,533.0
234.0,,,,,,,,,,,,,,,,,,1.5578,0.0,619.923,619.923,1.61248529,0.0,534.0,534.0
235.0,,,,,,,,,,,,,,,,,,1.5577,0.0,621.514,621.514,1.6123448999999999,0.0,535.0,535.0
236.0,,,,,,,,,,,,,,,,,,1.5577,0.0,623.105,623.105,1.61220552,0.0,536.0,536.0
237.0,,,,,,,,,,,,,,,,,,1.5577,0.0,624.695,624.695,1.61206715,0.0,537.0,537.0
238.0,,,,,,,,,,,,,,,,,,1.5576,0.0,626.286,626.286,1.61192977,0.0,538.0,538.0
239.0,,,,,,,,,,,,,,,,,,1.5575,0.0,627.877,627.877,1.61179336,0.0,539.0,539.0
240.0,,,,,,,,,,,,,,,,,,1.5574,0.0,629.4680000000002,629.4680000000002,1.61165793,0.0,540.0,540.0
241.0,,,,,,,,,,,,,,,,,,1.5574,0.0,631.058,631.058,1.61152346,0.0,541.0,541.0
242.0,,,,,,,,,,,,,,,,,,1.5573,0.0,632.649,632.649,1.61138994,0.0,542.0,542.0
243.0,,,,,,,,,,,,,,,,,,1.5572,0.0,634.239,634.239,1.61125736,0.0,543.0,543.0
244.0,,,,,,,,,,,,,,,,,,1.557,0.0,635.8290000000002,635.8290000000002,1.61112571,0.0,544.0,544.0
245.0,,,,,,,,,,,,,,,,,,1.5569,0.0,637.42,637.42,1.61099498,0.0,545.0,545.0
246.0,,,,,,,,,,,,,,,,,,1.5569,0.0,639.01,639.01,1.61086517,0.0,546.0,546.0
247.0,,,,,,,,,,,,,,,,,,1.5568,0.0,640.6,640.6,1.61073625,0.0,547.0,547.0
248.0,,,,,,,,,,,,,,,,,,1.5567,0.0,642.19,642.19,1.61060824,0.0,548.0,548.0
249.0,,,,,,,,,,,,,,,,,,1.5566,0.0,643.78,643.78,1.61048111,0.0,549.0,549.0
250.0,,,,,,,,,,,,,,,,,,1.5565,0.0,645.37,645.37,1.61035485,0.0,550.0,550.0
251.0,,,,,,,,,,,,,,,,,,1.5564,0.0,646.9590000000002,646.9590000000002,1.61022947,0.0,551.0,551.0
252.0,,,,,,,,,,,,,,,,,,1.5563,0.0,648.549,648.549,1.61010494,0.0,552.0,552.0
253.0,,,,,,,,,,,,,,,,,,1.5562,0.0,650.138,650.138,1.60998126,0.0,553.0,553.0
254.0,,,,,,,,,,,,,,,,,,1.556,0.0,651.7280000000002,651.7280000000002,1.60985843,0.0,554.0,554.0
255.0,,,,,,,,,,,,,,,,,,1.5555,0.0,653.317,653.317,1.60973643,0.0,555.0,555.0
256.0,,,,,,,,,,,,,,,,,,1.5553,0.0,654.9069999999998,654.9069999999998,1.60961526,0.0,556.0,556.0
257.0,,,,,,,,,,,,,,,,,,1.556,0.0,656.4960000000002,656.4960000000002,1.60949491,0.0,557.0,557.0
258.0,,,,,,,,,,,,,,,,,,1.5565,0.0,658.085,658.085,1.60937536,0.0,558.0,558.0
259.0,,,,,,,,,,,,,,,,,,1.5561,0.0,659.674,659.674,1.60925662,0.0,559.0,559.0
260.0,,,,,,,,,,,,,,,,,,1.5557,0.0,661.263,661.263,1.60913868,0.0,560.0,560.0
261.0,,,,,,,,,,,,,,,,,,1.5555,0.0,662.852,662.852,1.60902152,0.0,561.0,561.0
262.0,,,,,,,,,,,,,,,,,,1.5554,0.0,664.441,664.441,1.60890514,0.0,562.0,562.0
263.0,,,,,,,,,,,,,,,,,,1.5554,0.0,666.029,666.029,1.60878953,0.0,563.0,563.0
264.0,,,,,,,,,,,,,,,,,,1.5552,0.0,667.618,667.618,1.60867469,0.0,564.0,564.0
265.0,,,,,,,,,,,,,,,,,,1.5552,0.0,669.207,669.207,1.60856061,0.0,565.0,565.0
266.0,,,,,,,,,,,,,,,,,,1.5551,0.0,670.795,670.795,1.60844728,0.0,566.0,566.0
267.0,,,,,,,,,,,,,,,,,,1.555,0.0,672.383,672.383,1.60833469,0.0,567.0,567.0
268.0,,,,,,,,,,,,,,,,,,1.555,0.0,673.972,673.972,1.60822284,0.0,568.0,568.0
269.0,,,,,,,,,,,,,,,,,,1.5549,0.0,675.56,675.56,1.60811172,0.0,569.0,569.0
270.0,,,,,,,,,,,,,,,,,,1.5549,0.0,677.148,677.148,1.60800132,0.0,570.0,570.0
271.0,,,,,,,,,,,,,,,,,,1.5548,0.0,678.7360000000001,678.7360000000001,1.60789164,0.0,571.0,571.0
272.0,,,,,,,,,,,,,,,,,,1.5547,0.0,680.324,680.324,1.60778267,0.0,572.0,572.0
273.0,,,,,,,,,,,,,,,,,,1.5546,0.0,681.9119999999998,681.9119999999998,1.6076743999999998,0.0,573.0,573.0
274.0,,,,,,,,,,,,,,,,,,1.5546,0.0,683.5,683.5,1.60756683,0.0,574.0,574.0
275.0,,,,,,,,,,,,,,,,,,1.5545,0.0,685.087,685.087,1.60745995,0.0,575.0,575.0
276.0,,,,,,,,,,,,,,,,,,1.5544,0.0,686.675,686.675,1.60735375,0.0,576.0,576.0
277.0,,,,,,,,,,,,,,,,,,1.5543,0.0,688.262,688.262,1.60724823,0.0,577.0,577.0
278.0,,,,,,,,,,,,,,,,,,1.5542,0.0,689.85,689.85,1.60714338,0.0,578.0,578.0
279.0,,,,,,,,,,,,,,,,,,1.5541,0.0,691.437,691.437,1.6070392,0.0,579.0,579.0
280.0,,,,,,,,,,,,,,,,,,1.554,0.0,693.0239999999999,693.0239999999999,1.60693568,0.0,580.0,580.0
281.0,,,,,,,,,,,,,,,,,,1.5539,0.0,694.6110000000001,694.6110000000001,1.60683281,0.0,581.0,581.0
282.0,,,,,,,,,,,,,,,,,,1.5538,0.0,696.198,696.198,1.60673059,0.0,582.0,582.0
283.0,,,,,,,,,,,,,,,,,,1.5537,0.0,697.785,697.785,1.60662902,0.0,583.0,583.0
284.0,,,,,,,,,,,,,,,,,,1.5536,0.0,699.372,699.372,1.60652808,0.0,584.0,584.0
285.0,,,,,,,,,,,,,,,,,,1.5536,0.0,700.959,700.959,1.60642777,0.0,585.0,585.0
286.0,,,,,,,,,,,,,,,,,,1.5535,0.0,702.545,702.545,1.60632809,0.0,586.0,586.0
287.0,,,,,,,,,,,,,,,,,,1.5534,0.0,704.132,704.132,1.60622902,0.0,587.0,587.0
288.0,,,,,,,,,,,,,,,,,,1.5533,0.0,705.7180000000003,705.7180000000003,1.60613057,0.0,588.0,588.0
289.0,,,,,,,,,,,,,,,,,,1.5532,0.0,707.304,707.304,1.60603273,0.0,589.0,589.0
290.0,,,,,,,,,,,,,,,,,,1.5531,0.0,708.8910000000003,708.8910000000003,1.60593549,0.0,590.0,590.0
291.0,,,,,,,,,,,,,,,,,,1.5529,0.0,710.477,710.477,1.60583886,0.0,591.0,591.0
292.0,,,,,,,,,,,,,,,,,,1.5528,0.0,712.063,712.063,1.60574281,0.0,592.0,592.0
293.0,,,,,,,,,,,,,,,,,,1.5528,0.0,713.6489999999999,713.6489999999999,1.60564735,0.0,593.0,593.0
294.0,,,,,,,,,,,,,,,,,,1.5528,0.0,715.235,715.235,1.60555248,0.0,594.0,594.0
295.0,,,,,,,,,,,,,,,,,,1.5528,0.0,716.821,716.821,1.60545818,0.0,595.0,595.0
296.0,,,,,,,,,,,,,,,,,,1.5529,0.0,718.4060000000003,718.4060000000003,1.60536446,0.0,596.0,596.0
297.0,,,,,,,,,,,,,,,,,,1.5531,0.0,719.992,719.992,1.60527131,0.0,597.0,597.0
298.0,,,,,,,,,,,,,,,,,,1.5532,0.0,721.577,721.577,1.60517872,0.0,598.0,598.0
299.0,,,,,,,,,,,,,,,,,,1.5532,0.0,723.163,723.163,1.60508668,0.0,599.0,599.0
300.0,,,,,,,,,,,,,,,,,,1.5532,0.0,724.748,724.748,1.6049951999999998,0.0,600.0,600.0
301.0,,,,,,,,,,,,,,,,,,1.5531,0.0,726.3330000000003,726.3330000000003,1.60490428,0.0,601.0,601.0
302.0,,,,,,,,,,,,,,,,,,1.5530000000000002,0.0,727.918,727.918,1.60481389,0.0,602.0,602.0
303.0,,,,,,,,,,,,,,,,,,1.5529,0.0,729.503,729.503,1.60472404,0.0,603.0,603.0
304.0,,,,,,,,,,,,,,,,,,1.5527,0.0,731.0880000000003,731.0880000000003,1.60463473,0.0,604.0,604.0
305.0,,,,,,,,,,,,,,,,,,1.5526,0.0,732.673,732.673,1.60454596,0.0,605.0,605.0
306.0,,,,,,,,,,,,,,,,,,1.5525,0.0,734.258,734.258,1.6044577,0.0,606.0,606.0
307.0,,,,,,,,,,,,,,,,,,1.5524,0.0,735.842,735.842,1.60436997,0.0,607.0,607.0
308.0,,,,,,,,,,,,,,,,,,1.5523,0.0,737.427,737.427,1.60428276,0.0,608.0,608.0
309.0,,,,,,,,,,,,,,,,,,1.5522,0.0,739.0110000000003,739.0110000000003,1.60419606,0.0,609.0,609.0
310.0,,,,,,,,,,,,,,,,,,1.5519999999999998,0.0,740.595,740.595,1.60410987,0.0,610.0,610.0
311.0,,,,,,,,,,,,,,,,,,1.5519999999999998,0.0,742.179,742.179,1.60402418,0.0,611.0,611.0
312.0,,,,,,,,,,,,,,,,,,1.5519,0.0,743.7639999999999,743.7639999999999,1.603939,0.0,612.0,612.0
313.0,,,,,,,,,,,,,,,,,,1.5518,0.0,745.3480000000003,745.3480000000003,1.60385431,0.0,613.0,613.0
314.0,,,,,,,,,,,,,,,,,,1.5517,0.0,746.931,746.931,1.60377012,0.0,614.0,614.0
315.0,,,,,,,,,,,,,,,,,,1.5516,0.0,748.515,748.515,1.60368641,0.0,615.0,615.0
316.0,,,,,,,,,,,,,,,,,,1.5516,0.0,750.0989999999997,750.0989999999997,1.60360319,0.0,616.0,616.0
317.0,,,,,,,,,,,,,,,,,,1.5515,0.0,751.683,751.683,1.60352045,0.0,617.0,617.0
318.0,,,,,,,,,,,,,,,,,,1.5514,0.0,753.2660000000003,753.2660000000003,1.60343818,0.0,618.0,618.0
319.0,,,,,,,,,,,,,,,,,,1.5514,0.0,754.8489999999997,754.8489999999997,1.60335639,0.0,619.0,619.0
320.0,,,,,,,,,,,,,,,,,,1.5514,0.0,756.433,756.433,1.60327507,0.0,620.0,620.0
321.0,,,,,,,,,,,,,,,,,,1.5513,0.0,758.0160000000003,758.0160000000003,1.60319421,0.0,621.0,621.0
322.0,,,,,,,,,,,,,,,,,,1.5513,0.0,759.5989999999997,759.5989999999997,1.60311382,0.0,622.0,622.0
323.0,,,,,,,,,,,,,,,,,,1.5512,0.0,761.182,761.182,1.60303388,0.0,623.0,623.0
324.0,,,,,,,,,,,,,,,,,,1.5512,0.0,762.765,762.765,1.6029544,0.0,624.0,624.0
325.0,,,,,,,,,,,,,,,,,,1.5511,0.0,764.347,764.347,1.60287537,0.0,625.0,625.0
326.0,,,,,,,,,,,,,,,,,,1.551,0.0,765.93,765.93,1.60279678,0.0,626.0,626.0
327.0,,,,,,,,,,,,,,,,,,1.5509,0.0,767.513,767.513,1.60271864,0.0,627.0,627.0
328.0,,,,,,,,,,,,,,,,,,1.5509,0.0,769.095,769.095,1.60264094,0.0,628.0,628.0
329.0,,,,,,,,,,,,,,,,,,1.5509,0.0,770.677,770.677,1.60256368,0.0,629.0,629.0
330.0,,,,,,,,,,,,,,,,,,1.5508,0.0,772.2589999999999,772.2589999999999,1.60248685,0.0,630.0,630.0
331.0,,,,,,,,,,,,,,,,,,1.5507,0.0,773.842,773.842,1.60241044,0.0,631.0,631.0
332.0,,,,,,,,,,,,,,,,,,1.5507,0.0,775.424,775.424,1.60233447,0.0,632.0,632.0
333.0,,,,,,,,,,,,,,,,,,1.5506,0.0,777.005,777.005,1.60225892,0.0,633.0,633.0
334.0,,,,,,,,,,,,,,,,,,1.5506,0.0,778.587,778.587,1.60218379,0.0,634.0,634.0
335.0,,,,,,,,,,,,,,,,,,1.5505,0.0,780.169,780.169,1.60210907,0.0,635.0,635.0
336.0,,,,,,,,,,,,,,,,,,1.5504,0.0,781.75,781.75,1.60203477,0.0,636.0,636.0
337.0,,,,,,,,,,,,,,,,,,1.5504,0.0,783.332,783.332,1.60196088,0.0,637.0,637.0
338.0,,,,,,,,,,,,,,,,,,1.5503,0.0,784.913,784.913,1.6018874,0.0,638.0,638.0
339.0,,,,,,,,,,,,,,,,,,1.5503,0.0,786.4939999999997,786.4939999999997,1.60181432,0.0,639.0,639.0
340.0,,,,,,,,,,,,,,,,,,1.5502,0.0,788.076,788.076,1.60174164,0.0,640.0,640.0
341.0,,,,,,,,,,,,,,,,,,1.5502,0.0,789.6569999999997,789.6569999999997,1.60166936,0.0,641.0,641.0
342.0,,,,,,,,,,,,,,,,,,1.5502,0.0,791.238,791.238,1.60159747,0.0,642.0,642.0
343.0,,,,,,,,,,,,,,,,,,1.5502,0.0,792.818,792.818,1.60152598,0.0,643.0,643.0
344.0,,,,,,,,,,,,,,,,,,1.5501,0.0,794.3989999999999,794.3989999999999,1.60145487,0.0,644.0,644.0
345.0,,,,,,,,,,,,,,,,,,1.5501,0.0,795.98,795.98,1.60138415,0.0,645.0,645.0
346.0,,,,,,,,,,,,,,,,,,1.55,0.0,797.56,797.56,1.60131381,0.0,646.0,646.0
347.0,,,,,,,,,,,,,,,,,,1.5499,0.0,799.14,799.14,1.60124386,0.0,647.0,647.0
348.0,,,,,,,,,,,,,,,,,,1.5499,0.0,800.721,800.721,1.60117428,0.0,648.0,648.0
349.0,,,,,,,,,,,,,,,,,,1.5499,0.0,802.301,802.301,1.60110507,0.0,649.0,649.0
350.0,,,,,,,,,,,,,,,,,,1.5499,0.0,803.8810000000003,803.8810000000003,1.60103624,0.0,650.0,650.0
351.0,,,,,,,,,,,,,,,,,,1.5498,0.0,805.461,805.461,1.60096777,0.0,651.0,651.0
352.0,,,,,,,,,,,,,,,,,,1.5496,0.0,807.04,807.04,1.60089967,0.0,652.0,652.0
353.0,,,,,,,,,,,,,,,,,,1.5496,0.0,808.62,808.62,1.60083194,0.0,653.0,653.0
354.0,,,,,,,,,,,,,,,,,,1.5496,0.0,810.2,810.2,1.60076456,0.0,654.0,654.0
355.0,,,,,,,,,,,,,,,,,,1.5495,0.0,811.779,811.779,1.60069755,0.0,655.0,655.0
356.0,,,,,,,,,,,,,,,,,,1.5494,0.0,813.3580000000003,813.3580000000003,1.60063089,0.0,656.0,656.0
357.0,,,,,,,,,,,,,,,,,,1.5493,0.0,814.938,814.938,1.60056458,0.0,657.0,657.0
358.0,,,,,,,,,,,,,,,,,,1.5492,0.0,816.5169999999997,816.5169999999997,1.60049862,0.0,658.0,658.0
359.0,,,,,,,,,,,,,,,,,,1.5492,0.0,818.096,818.096,1.60043301,0.0,659.0,659.0
360.0,,,,,,,,,,,,,,,,,,1.5491,0.0,819.675,819.675,1.60036774,0.0,660.0,660.0
361.0,,,,,,,,,,,,,,,,,,1.5490000000000002,0.0,821.253,821.253,1.60030282,0.0,661.0,661.0
362.0,,,,,,,,,,,,,,,,,,1.5490000000000002,0.0,822.832,822.832,1.60023823,0.0,662.0,662.0
363.0,,,,,,,,,,,,,,,,,,1.5490000000000002,0.0,824.4110000000003,824.4110000000003,1.60017399,0.0,663.0,663.0
364.0,,,,,,,,,,,,,,,,,,1.5489,0.0,825.9889999999997,825.9889999999997,1.60011008,0.0,664.0,664.0
365.0,,,,,,,,,,,,,,,,,,1.5489,0.0,827.567,827.567,1.6000465,0.0,665.0,665.0
366.0,,,,,,,,,,,,,,,,,,1.5489,0.0,829.1460000000003,829.1460000000003,1.59998325,0.0,666.0,666.0
367.0,,,,,,,,,,,,,,,,,,1.5488,0.0,830.7239999999997,830.7239999999997,1.59992033,0.0,667.0,667.0
368.0,,,,,,,,,,,,,,,,,,1.5487,0.0,832.301,832.301,1.59985773,0.0,668.0,668.0
369.0,,,,,,,,,,,,,,,,,,1.5486,0.0,833.8789999999997,833.8789999999997,1.59979546,0.0,669.0,669.0
370.0,,,,,,,,,,,,,,,,,,1.5485,0.0,835.457,835.457,1.59973351,0.0,670.0,670.0
371.0,,,,,,,,,,,,,,,,,,1.5485,0.0,837.035,837.035,1.59967188,0.0,671.0,671.0
372.0,,,,,,,,,,,,,,,,,,1.5484,0.0,838.612,838.612,1.59961056,0.0,672.0,672.0
373.0,,,,,,,,,,,,,,,,,,1.5483,0.0,840.189,840.189,1.59954956,0.0,673.0,673.0
374.0,,,,,,,,,,,,,,,,,,1.5483,0.0,841.7669999999997,841.7669999999997,1.59948887,0.0,674.0,674.0
375.0,,,,,,,,,,,,,,,,,,1.5483,0.0,843.3439999999997,843.3439999999997,1.59942849,0.0,675.0,675.0
376.0,,,,,,,,,,,,,,,,,,1.5482,0.0,844.921,844.921,1.59936842,0.0,676.0,676.0
377.0,,,,,,,,,,,,,,,,,,1.5481,0.0,846.498,846.498,1.59930865,0.0,677.0,677.0
378.0,,,,,,,,,,,,,,,,,,1.5481,0.0,848.074,848.074,1.59924919,0.0,678.0,678.0
379.0,,,,,,,,,,,,,,,,,,1.5481,0.0,849.6510000000003,849.6510000000003,1.59919002,0.0,679.0,679.0
380.0,,,,,,,,,,,,,,,,,,1.5481,0.0,851.227,851.227,1.59913116,0.0,680.0,680.0
381.0,,,,,,,,,,,,,,,,,,1.5481,0.0,852.804,852.804,1.59907259,0.0,681.0,681.0
382.0,,,,,,,,,,,,,,,,,,1.5481,0.0,854.38,854.38,1.59901432,0.0,682.0,682.0
383.0,,,,,,,,,,,,,,,,,,1.5481,0.0,855.956,855.956,1.59895634,0.0,683.0,683.0
384.0,,,,,,,,,,,,,,,,,,1.548,0.0,857.5319999999997,857.5319999999997,1.59889865,0.0,684.0,684.0
385.0,,,,,,,,,,,,,,,,,,1.5479,0.0,859.1080000000003,859.1080000000003,1.59884125,0.0,685.0,685.0
386.0,,,,,,,,,,,,,,,,,,1.548,0.0,860.684,860.684,1.59878413,0.0,686.0,686.0
387.0,,,,,,,,,,,,,,,,,,1.5479,0.0,862.2589999999999,862.2589999999999,1.5987273000000002,0.0,687.0,687.0
388.0,,,,,,,,,,,,,,,,,,1.5479,0.0,863.835,863.835,1.59867076,0.0,688.0,688.0
389.0,,,,,,,,,,,,,,,,,,1.5479,0.0,865.41,865.41,1.59861449,0.0,689.0,689.0
390.0,,,,,,,,,,,,,,,,,,1.5479,0.0,866.9860000000001,866.9860000000001,1.5985585,0.0,690.0,690.0
391.0,,,,,,,,,,,,,,,,,,1.5477,0.0,868.561,868.561,1.59850279,0.0,691.0,691.0
392.0,,,,,,,,,,,,,,,,,,1.5478,0.0,870.1360000000003,870.1360000000003,1.59844736,0.0,692.0,692.0
393.0,,,,,,,,,,,,,,,,,,1.5478,0.0,871.711,871.711,1.5983922,0.0,693.0,693.0
394.0,,,,,,,,,,,,,,,,,,1.5477,0.0,873.285,873.285,1.59833731,0.0,694.0,694.0
395.0,,,,,,,,,,,,,,,,,,1.5476,0.0,874.86,874.86,1.59828268,0.0,695.0,695.0
396.0,,,,,,,,,,,,,,,,,,1.5476,0.0,876.435,876.435,1.59822833,0.0,696.0,696.0
397.0,,,,,,,,,,,,,,,,,,1.5477,0.0,878.0089999999999,878.0089999999999,1.59817424,0.0,697.0,697.0
398.0,,,,,,,,,,,,,,,,,,1.5475,0.0,879.5830000000003,879.5830000000003,1.59812042,0.0,698.0,698.0
399.0,,,,,,,,,,,,,,,,,,1.5474,0.0,881.1569999999997,881.1569999999997,1.59806686,0.0,699.0,699.0
400.0,,,,,,,,,,,,,,,,,,1.5475,0.0,882.7310000000001,882.7310000000001,1.59801356,0.0,700.0,700.0
401.0,,,,,,,,,,,,,,,,,,1.5475,0.0,884.305,884.305,1.59796051,0.0,701.0,701.0
402.0,,,,,,,,,,,,,,,,,,1.5473,0.0,885.8789999999997,885.8789999999997,1.59790773,0.0,702.0,702.0
403.0,,,,,,,,,,,,,,,,,,1.5473,0.0,887.453,887.453,1.5978552,0.0,703.0,703.0
404.0,,,,,,,,,,,,,,,,,,1.5474,0.0,889.0260000000003,889.0260000000003,1.59780292,0.0,704.0,704.0
405.0,,,,,,,,,,,,,,,,,,1.5473,0.0,890.6,890.6,1.5977508999999999,0.0,705.0,705.0
406.0,,,,,,,,,,,,,,,,,,1.5472,0.0,892.173,892.173,1.59769912,0.0,706.0,706.0
407.0,,,,,,,,,,,,,,,,,,1.5472,0.0,893.7460000000003,893.7460000000003,1.5976476000000002,0.0,707.0,707.0
408.0,,,,,,,,,,,,,,,,,,1.5472,0.0,895.319,895.319,1.59759632,0.0,708.0,708.0
409.0,,,,,,,,,,,,,,,,,,1.5471,0.0,896.8919999999997,896.8919999999997,1.59754529,0.0,709.0,709.0
410.0,,,,,,,,,,,,,,,,,,1.547,0.0,898.4639999999997,898.4639999999997,1.5974945,0.0,710.0,710.0
411.0,,,,,,,,,,,,,,,,,,1.547,0.0,900.0369999999997,900.0369999999997,1.59744395,0.0,711.0,711.0
412.0,,,,,,,,,,,,,,,,,,1.5471,0.0,901.6089999999999,901.609,1.59739364,0.0,712.0,712.0
413.0,,,,,,,,,,,,,,,,,,1.547,0.0,903.182,903.182,1.59734357,0.0,713.0,713.0
414.0,,,,,,,,,,,,,,,,,,1.5469,0.0,904.7539999999999,904.754,1.59729374,0.0,714.0,714.0
415.0,,,,,,,,,,,,,,,,,,1.5469,0.0,906.326,906.326,1.59724415,0.0,715.0,715.0
416.0,,,,,,,,,,,,,,,,,,1.547,0.0,907.898,907.898,1.59719479,0.0,716.0,716.0
417.0,,,,,,,,,,,,,,,,,,1.5468,0.0,909.47,909.47,1.59714566,0.0,717.0,717.0
418.0,,,,,,,,,,,,,,,,,,1.5467,0.0,911.0419999999999,911.042,1.59709676,0.0,718.0,718.0
419.0,,,,,,,,,,,,,,,,,,1.5468,0.0,912.613,912.613,1.5970481,0.0,719.0,719.0
420.0,,,,,,,,,,,,,,,,,,1.5469,0.0,914.184,914.184,1.59699966,0.0,720.0,720.0
421.0,,,,,,,,,,,,,,,,,,1.5468,0.0,915.7560000000001,915.756,1.59695145,0.0,721.0,721.0
422.0,,,,,,,,,,,,,,,,,,1.5466,0.0,917.327,917.327,1.59690346,0.0,722.0,722.0
423.0,,,,,,,,,,,,,,,,,,1.5466,0.0,918.898,918.898,1.5968556999999999,0.0,723.0,723.0
424.0,,,,,,,,,,,,,,,,,,1.5468,0.0,920.4689999999999,920.469,1.59680816,0.0,724.0,724.0
425.0,,,,,,,,,,,,,,,,,,1.5467,0.0,922.039,922.039,1.59676084,0.0,725.0,725.0
426.0,,,,,,,,,,,,,,,,,,1.5466,0.0,923.61,923.61,1.59671374,0.0,726.0,726.0
427.0,,,,,,,,,,,,,,,,,,1.5466,0.0,925.18,925.18,1.59666686,0.0,727.0,727.0
428.0,,,,,,,,,,,,,,,,,,1.5468,0.0,926.7510000000001,926.751,1.59662019,0.0,728.0,728.0
429.0,,,,,,,,,,,,,,,,,,1.5467,0.0,928.321,928.321,1.59657374,0.0,729.0,729.0
430.0,,,,,,,,,,,,,,,,,,1.5467,0.0,929.8910000000001,929.891,1.59652751,0.0,730.0,730.0
431.0,,,,,,,,,,,,,,,,,,1.5466,0.0,931.461,931.461,1.59648148,0.0,731.0,731.0
432.0,,,,,,,,,,,,,,,,,,1.5468,0.0,933.0310000000001,933.031,1.59643567,0.0,732.0,732.0
433.0,,,,,,,,,,,,,,,,,,1.5471,0.0,934.6,934.6,1.59639007,0.0,733.0,733.0
434.0,,,,,,,,,,,,,,,,,,1.547,0.0,936.17,936.17,1.59634468,0.0,734.0,734.0
435.0,,,,,,,,,,,,,,,,,,1.5468,0.0,937.7389999999999,937.739,1.59629949,0.0,735.0,735.0
436.0,,,,,,,,,,,,,,,,,,1.5469,0.0,939.308,939.308,1.59625452,0.0,736.0,736.0
437.0,,,,,,,,,,,,,,,,,,1.5469,0.0,940.878,940.878,1.59620974,0.0,737.0,737.0
438.0,,,,,,,,,,,,,,,,,,1.5465,0.0,942.447,942.447,1.59616517,0.0,738.0,738.0
439.0,,,,,,,,,,,,,,,,,,1.5464,0.0,944.015,944.015,1.5961208,0.0,739.0,739.0
440.0,,,,,,,,,,,,,,,,,,1.5461,0.0,945.584,945.584,1.59607664,0.0,740.0,740.0
441.0,,,,,,,,,,,,,,,,,,1.5462,0.0,947.153,947.153,1.59603267,0.0,741.0,741.0
442.0,,,,,,,,,,,,,,,,,,1.5461,0.0,948.721,948.721,1.5959888999999998,0.0,742.0,742.0
443.0,,,,,,,,,,,,,,,,,,1.5459,0.0,950.289,950.289,1.59594533,0.0,743.0,743.0
444.0,,,,,,,,,,,,,,,,,,1.5458,0.0,951.857,951.857,1.59590195,0.0,744.0,744.0
445.0,,,,,,,,,,,,,,,,,,1.5458,0.0,953.425,953.425,1.59585877,0.0,745.0,745.0
446.0,,,,,,,,,,,,,,,,,,1.5459,0.0,954.993,954.993,1.59581578,0.0,746.0,746.0
447.0,,,,,,,,,,,,,,,,,,1.5458,0.0,956.561,956.561,1.59577299,0.0,747.0,747.0
448.0,,,,,,,,,,,,,,,,,,1.5457,0.0,958.1289999999999,958.129,1.59573038,0.0,748.0,748.0
449.0,,,,,,,,,,,,,,,,,,1.5458,0.0,959.696,959.696,1.59568797,0.0,749.0,749.0
450.0,,,,,,,,,,,,,,,,,,1.5459,0.0,961.263,961.263,1.59564575,0.0,750.0,750.0
451.0,,,,,,,,,,,,,,,,,,1.5457,0.0,962.83,962.83,1.59560371,0.0,751.0,751.0
452.0,,,,,,,,,,,,,,,,,,1.5457,0.0,964.3969999999999,964.397,1.59556186,0.0,752.0,752.0
453.0,,,,,,,,,,,,,,,,,,1.5457,0.0,965.9639999999999,965.964,1.5955202,0.0,753.0,753.0
454.0,,,,,,,,,,,,,,,,,,1.5458,0.0,967.5310000000001,967.531,1.59547872,0.0,754.0,754.0
455.0,,,,,,,,,,,,,,,,,,1.5457,0.0,969.097,969.097,1.59543742,0.0,755.0,755.0
456.0,,,,,,,,,,,,,,,,,,1.5456,0.0,970.664,970.664,1.5953963,0.0,756.0,756.0
457.0,,,,,,,,,,,,,,,,,,1.5455,0.0,972.23,972.23,1.59535537,0.0,757.0,757.0
458.0,,,,,,,,,,,,,,,,,,1.5456,0.0,973.796,973.796,1.59531462,0.0,758.0,758.0
459.0,,,,,,,,,,,,,,,,,,1.5455,0.0,975.362,975.362,1.59527404,0.0,759.0,759.0
460.0,,,,,,,,,,,,,,,,,,1.5453,0.0,976.928,976.928,1.59523364,0.0,760.0,760.0
461.0,,,,,,,,,,,,,,,,,,1.5452,0.0,978.4939999999999,978.494,1.59519342,0.0,761.0,761.0
462.0,,,,,,,,,,,,,,,,,,1.5453,0.0,980.059,980.059,1.59515338,0.0,762.0,762.0
463.0,,,,,,,,,,,,,,,,,,1.5453,0.0,981.625,981.625,1.59511351,0.0,763.0,763.0
464.0,,,,,,,,,,,,,,,,,,1.5451,0.0,983.19,983.19,1.59507381,0.0,764.0,764.0
465.0,,,,,,,,,,,,,,,,,,1.5451,0.0,984.755,984.755,1.59503429,0.0,765.0,765.0
466.0,,,,,,,,,,,,,,,,,,1.5451,0.0,986.32,986.32,1.59499494,0.0,766.0,766.0
467.0,,,,,,,,,,,,,,,,,,1.5453,0.0,987.885,987.885,1.59495575,0.0,767.0,767.0
468.0,,,,,,,,,,,,,,,,,,1.5451,0.0,989.45,989.45,1.59491674,0.0,768.0,768.0
469.0,,,,,,,,,,,,,,,,,,1.5449,0.0,991.0139999999999,991.014,1.5948779,0.0,769.0,769.0
470.0,,,,,,,,,,,,,,,,,,1.5449,0.0,992.578,992.578,1.59483922,0.0,770.0,770.0
471.0,,,,,,,,,,,,,,,,,,1.5449,0.0,994.143,994.143,1.59480071,0.0,771.0,771.0
472.0,,,,,,,,,,,,,,,,,,1.5449,0.0,995.707,995.707,1.59476237,0.0,772.0,772.0
473.0,,,,,,,,,,,,,,,,,,1.5447,0.0,997.2710000000001,997.271,1.59472419,0.0,773.0,773.0
474.0,,,,,,,,,,,,,,,,,,1.5446,0.0,998.834,998.834,1.59468617,0.0,774.0,774.0
475.0,,,,,,,,,,,,,,,,,,,,,,1.59464831,0.0,775.0,775.0
476.0,,,,,,,,,,,,,,,,,,,,,,1.59461062,0.0,776.0,776.0
477.0,,,,,,,,,,,,,,,,,,,,,,1.59457309,0.0,777.0,777.0
478.0,,,,,,,,,,,,,,,,,,,,,,1.59453572,0.0,778.0,778.0
479.0,,,,,,,,,,,,,,,,,,,,,,1.59449851,0.0,779.0,779.0
480.0,,,,,,,,,,,,,,,,,,,,,,1.59446145,0.0,780.0,780.0
481.0,,,,,,,,,,,,,,,,,,,,,,1.59442455,0.0,781.0,781.0
482.0,,,,,,,,,,,,,,,,,,,,,,1.59438781,0.0,782.0,782.0
483.0,,,,,,,,,,,,,,,,,,,,,,1.59435122,0.0,783.0,783.0
484.0,,,,,,,,,,,,,,,,,,,,,,1.59431479,0.0,784.0,784.0
485.0,,,,,,,,,,,,,,,,,,,,,,1.59427851,0.0,785.0,785.0
486.0,,,,,,,,,,,,,,,,,,,,,,1.59424239,0.0,786.0,786.0
487.0,,,,,,,,,,,,,,,,,,,,,,1.59420641,0.0,787.0,787.0
488.0,,,,,,,,,,,,,,,,,,,,,,1.59417059,0.0,788.0,788.0
489.0,,,,,,,,,,,,,,,,,,,,,,1.59413491,0.0,789.0,789.0
490.0,,,,,,,,,,,,,,,,,,,,,,1.59409939,0.0,790.0,790.0
491.0,,,,,,,,,,,,,,,,,,,,,,1.59406401,0.0,791.0,791.0
492.0,,,,,,,,,,,,,,,,,,,,,,1.59402878,0.0,792.0,792.0
493.0,,,,,,,,,,,,,,,,,,,,,,1.5939937,0.0,793.0,793.0
494.0,,,,,,,,,,,,,,,,,,,,,,1.59395876,0.0,794.0,794.0
495.0,,,,,,,,,,,,,,,,,,,,,,1.59392397,0.0,795.0,795.0
496.0,,,,,,,,,,,,,,,,,,,,,,1.59388932,0.0,796.0,796.0
497.0,,,,,,,,,,,,,,,,,,,,,,1.59385482,0.0,797.0,797.0
498.0,,,,,,,,,,,,,,,,,,,,,,1.59382045,0.0,798.0,798.0
499.0,,,,,,,,,,,,,,,,,,,,,,1.59378623,0.0,799.0,799.0
500.0,,,,,,,,,,,,,,,,,,,,,,1.59375215,0.0,800.0,800.0
,,,,,,,,,,,,,,,,,,,,,,,,,
,,,,,,,,,,,,,,,,,,,,,,,,,
,,,,,,,,,,,,,,,,,,,,,,,,,
,,,,,,,,,,,,,,,,,,,,,,,,,
,,,,,,,,,,,,,,,,,,,,,,,,,
,,,,,,,,,,,,,,,,,,,,,,,,,
,,,,,,,,,,,,,,,,,,,,,,,,,
,,,,,,,,,,,,,,,,,,,,,,,,,
,,,,,,,,,,,,,,,,,,,,,,,,,
,,,,,,,,,,,,,,,,,,,,,,,,,
,,,,,,,,,,,,,,,,,,,,,,,,,
,,,,,,,,,,,,,,,,,,,,,,,,,
,,,,,,,,,,,,,,,,,,,,,,,,,
,,,,,,,,,,,,,,,,,,,,,,,,,
,,,,,,,,,,,,,,,,,,,,,,,,,
,,,,,,,,,,,,,,,,,,,,,,,,,
,,,,,,,,,,,,,,,,,,,,,,,,,
,,,,,,,,,,,,,,,,,,,,,,,,,
,,,,,,,,,,,,,,,,,,,,,,,,,
,,,,,,,,,,,,,,,,,,,,,,,,,
,,,,,,,,,,,,,,,,,,,,,,,,,
,,,,,,,,,,,,,,,,,,,,,,,,,
,,,,,,,,,,,,,,,,,,,,,,,,,
,,,,,,,,,,,,,,,,,,,,,,,,,
,,,,,,,,,,,,,,,,,,,,,,,,,
,,,,,,,,,,,,,,,,,,,,,,,,,
,,,,,,,,,,,,,,,,,,,,,,,,,
,,,,,,,,,,,,,,,,,,,,,,,,,
,,,,,,,,,,,,,,,,,,,,,,,,,
,,,,,,,,,,,,,,,,,,,,,,,,,
,,,,,,,,,,,,,,,,,,,,,,,,,
,,,,,,,,,,,,,,,,,,,,,,,,,
,,,,,,,,,,,,,,,,,,,,,,,,,
,,,,,,,,,,,,,,,,,,,,,,,,,
,,,,,,,,,,,,,,,,,,,,,,,,,
,,,,,,,,,,,,,,,,,,,,,,,,,
,,,,,,,,,,,,,,,,,,,,,,,,,
,,,,,,,,,,,,,,,,,,,,,,,,,
,,,,,,,,,,,,,,,,,,,,,,,,,
,,,,,,,,,,,,,,,,,,,,,,,,,
,,,,,,,,,,,,,,,,,,,,,,,,,
,,,,,,,,,,,,,,,,,,,,,,,,,
,,,,,,,,,,,,,,,,,,,,,,,,,
,,,,,,,,,,,,,,,,,,,,,,,,,
,,,,,,,,,,,,,,,,,,,,,,,,,
,,,,,,,,,,,,,,,,,,,,,,,,,
,,,,,,,,,,,,,,,,,,,,,,,,,
,,,,,,,,,,,,,,,,,,,,,,,,,
,,,,,,,,,,,,,,,,,,,,,,,,,
,,,,,,,,,,,,,,,,,,,,,,,,,
,,,,,,,,,,,,,,,,,,,,,,,,,
,,,,,,,,,,,,,,,,,,,,,,,,,
,,,,,,,,,,,,,,,,,,,,,,,,,
,,,,,,,,,,,,,,,,,,,,,,,,,
,,,,,,,,,,,,,,,,,,,,,,,,,
,,,,,,,,,,,,,,,,,,,,,,,,,
,,,,,,,,,,,,,,,,,,,,,,,,,
,,,,,,,,,,,,,,,,,,,,,,,,,
,,,,,,,,,,,,,,,,,,,,,,,,,
,,,,,,,,,,,,,,,,,,,,,,,,,
,,,,,,,,,,,,,,,,,,,,,,,,,
,,,,,,,,,,,,,,,,,,,,,,,,,
,,,,,,,,,,,,,,,,,,,,,,,,,
,,,,,,,,,,,,,,,,,,,,,,,,,
,,,,,,,,,,,,,,,,,,,,,,,,,
,,,,,,,,,,,,,,,,,,,,,,,,,
,,,,,,,,,,,,,,,,,,,,,,,,,
,,,,,,,,,,,,,,,,,,,,,,,,,
,,,,,,,,,,,,,,,,,,,,,,,,,
,,,,,,,,,,,,,,,,,,,,,,,,,
,,,,,,,,,,,,,,,,,,,,,,,,,
,,,,,,,,,,,,,,,,,,,,,,,,,
,,,,,,,,,,,,,,,,,,,,,,,,,
,,,,,,,,,,,,,,,,,,,,,,,,,
,,,,,,,,,,,,,,,,,,,,,,,,,
,,,,,,,,,,,,,,,,,,,,,,,,,
,,,,,,,,,,,,,,,,,,,,,,,,,
,,,,,,,,,,,,,,,,,,,,,,,,,
,,,,,,,,,,,,,,,,,,,,,,,,,
,,,,,,,,,,,,,,,,,,,,,,,,,
,,,,,,,,,,,,,,,,,,,,,,,,,
,,,,,,,,,,,,,,,,,,,,,,,,,
,,,,,,,,,,,,,,,,,,,,,,,,,
,,,,,,,,,,,,,,,,,,,,,,,,,
,,,,,,,,,,,,,,,,,,,,,,,,,
,,,,,,,,,,,,,,,,,,,,,,,,,
,,,,,,,,,,,,,,,,,,,,,,,,,
,,,,,,,,,,,,,,,,,,,,,,,,,
,,,,,,,,,,,,,,,,,,,,,,,,,
,,,,,,,,,,,,,,,,,,,,,,,,,
,,,,,,,,,,,,,,,,,,,,,,,,,
,,,,,,,,,,,,,,,,,,,,,,,,,
,,,,,,,,,,,,,,,,,,,,,,,,,
,,,,,,,,,,,,,,,,,,,,,,,,,
,,,,,,,,,,,,,,,,,,,,,,,,,
,,,,,,,,,,,,,,,,,,,,,,,,,
,,,,,,,,,,,,,,,,,,,,,,,,,
,,,,,,,,,,,,,,,,,,,,,,,,,
,,,,,,,,,,,,,,,,,,,,,,,,,
,,,,,,,,,,,,,,,,,,,,,,,,,
,,,,,,,,,,,,,,,,,,,,,,,,,
,,,,,,,,,,,,,,,,,,,,,,,,,
,,,,,,,,,,,,,,,,,,,,,,,,,
,,,,,,,,,,,,,,,,,,,,,,,,,
,,,,,,,,,,,,,,,,,,,,,,,,,
,,,,,,,,,,,,,,,,,,,,,,,,,
,,,,,,,,,,,,,,,,,,,,,,,,,
,,,,,,,,,,,,,,,,,,,,,,,,,
,,,,,,,,,,,,,,,,,,,,,,,,,
,,,,,,,,,,,,,,,,,,,,,,,,,
,,,,,,,,,,,,,,,,,,,,,,,,,
,,,,,,,,,,,,,,,,,,,,,,,,,
,,,,,,,,,,,,,,,,,,,,,,,,,
,,,,,,,,,,,,,,,,,,,,,,,,,
,,,,,,,,,,,,,,,,,,,,,,,,,
,,,,,,,,,,,,,,,,,,,,,,,,,
,,,,,,,,,,,,,,,,,,,,,,,,,
,,,,,,,,,,,,,,,,,,,,,,,,,
,,,,,,,,,,,,,,,,,,,,,,,,,
,,,,,,,,,,,,,,,,,,,,,,,,,
,,,,,,,,,,,,,,,,,,,,,,,,,
,,,,,,,,,,,,,,,,,,,,,,,,,
,,,,,,,,,,,,,,,,,,,,,,,,,
,,,,,,,,,,,,,,,,,,,,,,,,,
,,,,,,,,,,,,,,,,,,,,,,,,,
,,,,,,,,,,,,,,,,,,,,,,,,,
,,,,,,,,,,,,,,,,,,,,,,,,,
,,,,,,,,,,,,,,,,,,,,,,,,,
,,,,,,,,,,,,,,,,,,,,,,,,,
,,,,,,,,,,,,,,,,,,,,,,,,,
,,,,,,,,,,,,,,,,,,,,,,,,,
,,,,,,,,,,,,,,,,,,,,,,,,,
,,,,,,,,,,,,,,,,,,,,,,,,,
,,,,,,,,,,,,,,,,,,,,,,,,,
,,,,,,,,,,,,,,,,,,,,,,,,,
,,,,,,,,,,,,,,,,,,,,,,,,,
,,,,,,,,,,,,,,,,,,,,,,,,,
,,,,,,,,,,,,,,,,,,,,,,,,,
,,,,,,,,,,,,,,,,,,,,,,,,,
,,,,,,,,,,,,,,,,,,,,,,,,,
,,,,,,,,,,,,,,,,,,,,,,,,,
,,,,,,,,,,,,,,,,,,,,,,,,,
,,,,,,,,,,,,,,,,,,,,,,,,,
,,,,,,,,,,,,,,,,,,,,,,,,,
,,,,,,,,,,,,,,,,,,,,,,,,,
,,,,,,,,,,,,,,,,,,,,,,,,,
,,,,,,,,,,,,,,,,,,,,,,,,,
,,,,,,,,,,,,,,,,,,,,,,,,,
,,,,,,,,,,,,,,,,,,,,,,,,,
,,,,,,,,,,,,,,,,,,,,,,,,,
,,,,,,,,,,,,,,,,,,,,,,,,,
,,,,,,,,,,,,,,,,,,,,,,,,,
,,,,,,,,,,,,,,,,,,,,,,,,,
,,,,,,,,,,,,,,,,,,,,,,,,,
,,,,,,,,,,,,,,,,,,,,,,,,,
,,,,,,,,,,,,,,,,,,,,,,,,,
,,,,,,,,,,,,,,,,,,,,,,,,,
,,,,,,,,,,,,,,,,,,,,,,,,,
,,,,,,,,,,,,,,,,,,,,,,,,,
,,,,,,,,,,,,,,,,,,,,,,,,,
,,,,,,,,,,,,,,,,,,,,,,,,,
,,,,,,,,,,,,,,,,,,,,,,,,,
,,,,,,,,,,,,,,,,,,,,,,,,,
,,,,,,,,,,,,,,,,,,,,,,,,,
,,,,,,,,,,,,,,,,,,,,,,,,,
,,,,,,,,,,,,,,,,,,,,,,,,,
,,,,,,,,,,,,,,,,,,,,,,,,,
,,,,,,,,,,,,,,,,,,,,,,,,,
,,,,,,,,,,,,,,,,,,,,,,,,,
,,,,,,,,,,,,,,,,,,,,,,,,,
,,,,,,,,,,,,,,,,,,,,,,,,,
,,,,,,,,,,,,,,,,,,,,,,,,,
,,,,,,,,,,,,,,,,,,,,,,,,,
,,,,,,,,,,,,,,,,,,,,,,,,,
,,,,,,,,,,,,,,,,,,,,,,,,,
,,,,,,,,,,,,,,,,,,,,,,,,,
,,,,,,,,,,,,,,,,,,,,,,,,,
,,,,,,,,,,,,,,,,,,,,,,,,,
,,,,,,,,,,,,,,,,,,,,,,,,,
,,,,,,,,,,,,,,,,,,,,,,,,,
,,,,,,,,,,,,,,,,,,,,,,,,,
,,,,,,,,,,,,,,,,,,,,,,,,,
,,,,,,,,,,,,,,,,,,,,,,,,,
,,,,,,,,,,,,,,,,,,,,,,,,,
,,,,,,,,,,,,,,,,,,,,,,,,,
,,,,,,,,,,,,,,,,,,,,,,,,,
,,,,,,,,,,,,,,,,,,,,,,,,,
,,,,,,,,,,,,,,,,,,,,,,,,,
,,,,,,,,,,,,,,,,,,,,,,,,,
,,,,,,,,,,,,,,,,,,,,,,,,,
,,,,,,,,,,,,,,,,,,,,,,,,,
,,,,,,,,,,,,,,,,,,,,,,,,,
,,,,,,,,,,,,,,,,,,,,,,,,,
,,,,,,,,,,,,,,,,,,,,,,,,,
,,,,,,,,,,,,,,,,,,,,,,,,,
,,,,,,,,,,,,,,,,,,,,,,,,,
,,,,,,,,,,,,,,,,,,,,,,,,,
,,,,,,,,,,,,,,,,,,,,,,,,,
,,,,,,,,,,,,,,,,,,,,,,,,,
,,,,,,,,,,,,,,,,,,,,,,,,,
,,,,,,,,,,,,,,,,,,,,,,,,,
,,,,,,,,,,,,,,,,,,,,,,,,,
,,,,,,,,,,,,,,,,,,,,,,,,,
,,,,,,,,,,,,,,,,,,,,,,,,,
,,,,,,,,,,,,,,,,,,,,,,,,,
,,,,,,,,,,,,,,,,,,,,,,,,,
,,,,,,,,,,,,,,,,,,,,,,,,,
,,,,,,,,,,,,,,,,,,,,,,,,,
,,,,,,,,,,,,,,,,,,,,,,,,,
,,,,,,,,,,,,,,,,,,,,,,,,,
,,,,,,,,,,,,,,,,,,,,,,,,,
,,,,,,,,,,,,,,,,,,,,,,,,,
,,,,,,,,,,,,,,,,,,,,,,,,,
,,,,,,,,,,,,,,,,,,,,,,,,,
,,,,,,,,,,,,,,,,,,,,,,,,,
,,,,,,,,,,,,,,,,,,,,,,,,,
,,,,,,,,,,,,,,,,,,,,,,,,,
,,,,,,,,,,,,,,,,,,,,,,,,,
,,,,,,,,,,,,,,,,,,,,,,,,,
,,,,,,,,,,,,,,,,,,,,,,,,,
,,,,,,,,,,,,,,,,,,,,,,,,,
,,,,,,,,,,,,,,,,,,,,,,,,,
,,,,,,,,,,,,,,,,,,,,,,,,,
,,,,,,,,,,,,,,,,,,,,,,,,,
,,,,,,,,,,,,,,,,,,,,,,,,,
,,,,,,,,,,,,,,,,,,,,,,,,,
,,,,,,,,,,,,,,,,,,,,,,,,,
,,,,,,,,,,,,,,,,,,,,,,,,,
,,,,,,,,,,,,,,,,,,,,,,,,,
,,,,,,,,,,,,,,,,,,,,,,,,,
,,,,,,,,,,,,,,,,,,,,,,,,,
,,,,,,,,,,,,,,,,,,,,,,,,,
,,,,,,,,,,,,,,,,,,,,,,,,,
,,,,,,,,,,,,,,,,,,,,,,,,,
,,,,,,,,,,,,,,,,,,,,,,,,,
,,,,,,,,,,,,,,,,,,,,,,,,,
,,,,,,,,,,,,,,,,,,,,,,,,,
,,,,,,,,,,,,,,,,,,,,,,,,,
,,,,,,,,,,,,,,,,,,,,,,,,,
,,,,,,,,,,,,,,,,,,,,,,,,,
,,,,,,,,,,,,,,,,,,,,,,,,,
,,,,,,,,,,,,,,,,,,,,,,,,,
,,,,,,,,,,,,,,,,,,,,,,,,,
,,,,,,,,,,,,,,,,,,,,,,,,,
,,,,,,,,,,,,,,,,,,,,,,,,,
,,,,,,,,,,,,,,,,,,,,,,,,,
,,,,,,,,,,,,,,,,,,,,,,,,,
,,,,,,,,,,,,,,,,,,,,,,,,,
,,,,,,,,,,,,,,,,,,,,,,,,,
,,,,,,,,,,,,,,,,,,,,,,,,,
,,,,,,,,,,,,,,,,,,,,,,,,,
,,,,,,,,,,,,,,,,,,,,,,,,,
,,,,,,,,,,,,,,,,,,,,,,,,,
,,,,,,,,,,,,,,,,,,,,,,,,,
,,,,,,,,,,,,,,,,,,,,,,,,,
,,,,,,,,,,,,,,,,,,,,,,,,,
,,,,,,,,,,,,,,,,,,,,,,,,,
,,,,,,,,,,,,,,,,,,,,,,,,,
,,,,,,,,,,,,,,,,,,,,,,,,,
,,,,,,,,,,,,,,,,,,,,,,,,,
,,,,,,,,,,,,,,,,,,,,,,,,,
,,,,,,,,,,,,,,,,,,,,,,,,,
,,,,,,,,,,,,,,,,,,,,,,,,,
,,,,,,,,,,,,,,,,,,,,,,,,,
,,,,,,,,,,,,,,,,,,,,,,,,,
,,,,,,,,,,,,,,,,,,,,,,,,,
,,,,,,,,,,,,,,,,,,,,,,,,,
,,,,,,,,,,,,,,,,,,,,,,,,,
,,,,,,,,,,,,,,,,,,,,,,,,,
,,,,,,,,,,,,,,,,,,,,,,,,,
,,,,,,,,,,,,,,,,,,,,,,,,,
,,,,,,,,,,,,,,,,,,,,,,,,,
,,,,,,,,,,,,,,,,,,,,,,,,,
,,,,,,,,,,,,,,,,,,,,,,,,,
,,,,,,,,,,,,,,,,,,,,,,,,,
,,,,,,,,,,,,,,,,,,,,,,,,,
,,,,,,,,,,,,,,,,,,,,,,,,,
,,,,,,,,,,,,,,,,,,,,,,,,,
,,,,,,,,,,,,,,,,,,,,,,,,,
,,,,,,,,,,,,,,,,,,,,,,,,,
,,,,,,,,,,,,,,,,,,,,,,,,,
,,,,,,,,,,,,,,,,,,,,,,,,,
,,,,,,,,,,,,,,,,,,,,,,,,,
,,,,,,,,,,,,,,,,,,,,,,,,,
,,,,,,,,,,,,,,,,,,,,,,,,,
,,,,,,,,,,,,,,,,,,,,,,,,,
,,,,,,,,,,,,,,,,,,,,,,,,,
,,,,,,,,,,,,,,,,,,,,,,,,,
,,,,,,,,,,,,,,,,,,,,,,,,,
,,,,,,,,,,,,,,,,,,,,,,,,,
,,,,,,,,,,,,,,,,,,,,,,,,,
,,,,,,,,,,,,,,,,,,,,,,,,,
,,,,,,,,,,,,,,,,,,,,,,,,,
,,,,,,,,,,,,,,,,,,,,,,,,,
,,,,,,,,,,,,,,,,,,,,,,,,,
,,,,,,,,,,,,,,,,,,,,,,,,,
,,,,,,,,,,,,,,,,,,,,,,,,,
,,,,,,,,,,,,,,,,,,,,,,,,,
,,,,,,,,,,,,,,,,,,,,,,,,,
,,,,,,,,,,,,,,,,,,,,,,,,,
,,,,,,,,,,,,,,,,,,,,,,,,,
,,,,,,,,,,,,,,,,,,,,,,,,,
,,,,,,,,,,,,,,,,,,,,,,,,,
,,,,,,,,,,,,,,,,,,,,,,,,,
,,,,,,,,,,,,,,,,,,,,,,,,,
,,,,,,,,,,,,,,,,,,,,,,,,,
,,,,,,,,,,,,,,,,,,,,,,,,,
,,,,,,,,,,,,,,,,,,,,,,,,,
,,,,,,,,,,,,,,,,,,,,,,,,,
,,,,,,,,,,,,,,,,,,,,,,,,,
,,,,,,,,,,,,,,,,,,,,,,,,,
,,,,,,,,,,,,,,,,,,,,,,,,,
,,,,,,,,,,,,,,,,,,,,,,,,,
,,,,,,,,,,,,,,,,,,,,,,,,,
,,,,,,,,,,,,,,,,,,,,,,,,,
,,,,,,,,,,,,,,,,,,,,,,,,,
,,,,,,,,,,,,,,,,,,,,,,,,,
,,,,,,,,,,,,,,,,,,,,,,,,,
,,,,,,,,,,,,,,,,,,,,,,,,,
,,,,,,,,,,,,,,,,,,,,,,,,,
,,,,,,,,,,,,,,,,,,,,,,,,,
,,,,,,,,,,,,,,,,,,,,,,,,,
,,,,,,,,,,,,,,,,,,,,,,,,,
,,,,,,,,,,,,,,,,,,,,,,,,,
,,,,,,,,,,,,,,,,,,,,,,,,,
,,,,,,,,,,,,,,,,,,,,,,,,,
,,,,,,,,,,,,,,,,,,,,,,,,,
,,,,,,,,,,,,,,,,,,,,,,,,,
,,,,,,,,,,,,,,,,,,,,,,,,,
,,,,,,,,,,,,,,,,,,,,,,,,,
,,,,,,,,,,,,,,,,,,,,,,,,,
