,w,R
0,435.0,0.03947288879168199
1,435.24524524524526,0.040186705432332444
2,435.4904904904905,0.04088893227406152
3,435.7357357357357,0.04157912796636253
4,435.980980980981,0.04225686690129174
5,436.22622622622623,0.04292258861387778
6,436.4714714714715,0.04357518786913618
7,436.7167167167167,0.04421417938983457
8,436.96196196196195,0.044839199044270465
9,437.2072072072072,0.04544989807101671
10,437.45245245245246,0.046045942982364196
11,437.6976976976977,0.0466274726847558
12,437.9429429429429,0.047194411039037175
13,438.1881881881882,0.04774581533606336
14,438.43343343343344,0.048281410904383815
15,438.6786786786787,0.04880093771447513
16,438.92392392392395,0.049304150240070656
17,439.16916916916915,0.04979081731404944
18,439.4144144144144,0.050261726818958255
19,439.65965965965967,0.05071576923556853
20,439.9049049049049,0.051152678754201444
21,440.1501501501501,0.05157014534785872
22,440.3953953953954,0.05196873633833543
23,440.64064064064064,0.052349644706880756
24,440.8858858858859,0.05271324632792017
25,441.13113113113116,0.05305954754173379
26,441.37637637637636,0.05338782607848747
27,441.6216216216216,0.05369798757280423
28,441.86686686686687,0.05398995021124287
29,442.11211211211213,0.054263644551234266
30,442.35735735735733,0.054519013339184914
31,442.6026026026026,0.05475718622367998
32,442.84784784784785,0.05497700191285731
33,443.0930930930931,0.05517840278439464
34,443.33833833833836,0.05536137726480126
35,443.58358358358356,0.05552592505029252
36,443.8288288288288,0.05567205692486784
37,444.0740740740741,0.05580033307118694
38,444.31931931931933,0.05591080731842517
39,444.5645645645646,0.056002968307840136
40,444.8098098098098,0.05607686825447031
41,445.05505505505505,0.056132569558734434
42,445.3003003003003,0.05617014462826859
43,445.54554554554556,0.056189692242466074
44,445.79079079079077,0.05619249820800615
45,446.036036036036,0.05617745497690828
46,446.2812812812813,0.05614467200840687
47,446.52652652652654,0.05609426789469052
48,446.7717717717718,0.0560263701878867
49,447.017017017017,0.05594111522772759
50,447.26226226226225,0.055839218176510635
51,447.5075075075075,0.05572075610133455
52,447.75275275275277,0.05558539318445325
53,447.99799799799797,0.05543329819411562
54,448.2432432432432,0.05526464784383298
55,448.4884884884885,0.055079626624286705
56,448.73373373373374,0.054878484712366435
57,448.978978978979,0.05466233688502263
58,449.2242242242242,0.05443040934668805
59,449.46946946946946,0.054182915080297725
60,449.7147147147147,0.053920074024151936
61,449.95995995996,0.0536421129061733
62,450.20520520520523,0.053349328904100185
63,450.45045045045043,0.05304249261790945
64,450.6956956956957,0.052721671965746335
65,450.94094094094095,0.05238668951454051
66,451.1861861861862,0.052037802556142584
67,451.4314314314314,0.051675274196368186
68,451.67667667667666,0.05129937318881629
69,451.9219219219219,0.05091046491665088
70,452.1671671671672,0.05050955879093142
71,452.41241241241244,0.050096104418065064
72,452.65765765765764,0.04967039073234812
73,452.9029029029029,0.04923271149710391
74,453.14814814814815,0.048783365135719355
75,453.3933933933934,0.04832265456192405
76,453.63863863863867,0.04785144631923816
77,453.88388388388387,0.04736982009648331
78,454.1291291291291,0.04687774552759913
79,454.3743743743744,0.04637554112466469
80,454.61961961961964,0.04586352905235246
81,454.86486486486484,0.04534203495338077
82,455.1101101101101,0.044811491188482815
83,455.35535535535536,0.04427273958476231
84,455.6006006006006,0.04372548447235498
85,455.8458458458458,0.04317006317278232
86,456.0910910910911,0.0426068156199753
87,456.33633633633633,0.04203608417996441
88,456.5815815815816,0.041458213469528375
89,456.82682682682685,0.04087403502279728
90,457.07207207207205,0.04028364026622888
91,457.3173173173173,0.03968713027904189
92,457.56256256256256,0.03908485647178142
93,457.8078078078078,0.03847717161088157
94,458.0530530530531,0.037864429631923775
95,458.2982982982983,0.03724709776061757
96,458.54354354354354,0.03662589882086459
97,458.7887887887888,0.036000689076471144
98,459.03403403403405,0.03537182502217784
99,459.2792792792793,0.03473966340237471
100,459.5245245245245,0.034104561020495056
101,459.76976976976977,0.033466874547972876
102,460.015015015015,0.032827204552071367
103,460.2602602602603,0.03218404068858619
104,460.5055055055055,0.03153944278684478
105,460.75075075075074,0.03089376479828929
106,460.995995995996,0.030247359470141403
107,461.24124124124126,0.029600578154454882
108,461.4864864864865,0.028953882337972754
109,461.7317317317317,0.02830786846722208
110,461.97697697697697,0.027662499825399145
111,462.22222222222223,0.027018120306318866
112,462.4674674674675,0.02637507148986421
113,462.7127127127127,0.02573369245542396
114,462.95795795795794,0.025094319596529507
115,463.2032032032032,0.024457533831715554
116,463.44844844844846,0.02382348398231853
117,463.6936936936937,0.023192413644324863
118,463.9389389389389,0.022564646776062302
119,464.1841841841842,0.021940503767327812
120,464.42942942942943,0.02132030126411491
121,464.6746746746747,0.020704434817585972
122,464.91991991991995,0.020093337043004218
123,465.16516516516515,0.019487086667464126
124,465.4104104104104,0.018885983899639205
125,465.65565565565566,0.01829032438626656
126,465.9009009009009,0.017700399052236984
127,466.1461461461461,0.017116493943826444
128,466.3913913913914,0.01653907494916453
129,466.63663663663664,0.01596826455303156
130,466.8818818818819,0.015404284646422392
131,467.1271271271271,0.014847400608141645
132,467.37237237237235,0.014297872225813843
133,467.6176176176176,0.013755953560635754
134,467.86286286286287,0.013221946880788328
135,468.1081081081081,0.012696145840026976
136,468.3533533533533,0.012178666487853871
137,468.5985985985986,0.011669739107734316
138,468.84384384384384,0.011169587660549238
139,469.0890890890891,0.010678429675624955
140,469.33433433433436,0.010196476146640729
141,469.57957957957956,0.009724032594671311
142,469.8248248248248,0.009261202608376908
143,470.0700700700701,0.008808160225425668
144,470.31531531531533,0.008365093477570784
145,470.5605605605606,0.007932172397813363
146,470.8058058058058,0.007509567384695142
147,471.05105105105105,0.0070974723206903125
148,471.2962962962963,0.006696058565339325
149,471.54154154154156,0.006305418565060237
150,471.78678678678676,0.005925694451075374
151,472.032032032032,0.005557021039709184
152,472.2772772772773,0.005199525792018254
153,472.52252252252254,0.004853328779169555
154,472.76776776776774,0.004518581881492391
155,473.013013013013,0.004195348777918841
156,473.25825825825825,0.003883722272115953
157,473.5035035035035,0.003583793147722208
158,473.74874874874877,0.003295644716711138
159,473.99399399399397,0.003019352818813018
160,474.2392392392392,0.0027549952752196124
161,474.4844844844845,0.0025026332570328887
162,474.72972972972974,0.0022623054188611194
163,474.974974974975,0.0020340583169952287
164,475.2202202202202,0.0018179311192327518
165,475.46546546546546,0.0016139556374698701
166,475.7107107107107,0.0014221563657288519
167,475.955955955956,0.0012425569868545177
168,476.20120120120123,0.0010751583891274764
169,476.44644644644643,0.0009199633226033496
170,476.6916916916917,0.0007769680053163411
171,476.93693693693695,0.0006461616046060636
172,477.1821821821822,0.0005275263053864653
173,477.4274274274274,0.0004210374276536298
174,477.67267267267266,0.00032666246643992295
175,477.9179179179179,0.0002443631400961861
176,478.1631631631632,0.00017409500715023145
177,478.4084084084084,0.00011580704972788282
178,478.65365365365363,6.944176816180648e-05
179,478.8988988988989,3.4935279633574254e-05
180,479.14414414414415,1.2216667605637276e-05
181,479.3893893893894,1.2113259792396424e-06
182,479.6346346346346,1.837307967157373e-06
183,479.87987987987987,1.4006686378493772e-05
184,480.1251251251251,3.762567301754842e-05
185,480.3703703703704,7.259478686636427e-05
186,480.61561561561564,0.00011881104165383121
187,480.86086086086084,0.0001761657674926821
188,481.1061061061061,0.00024454197037312514
189,481.35135135135135,0.0003238189141455402
190,481.5965965965966,0.00041387077113917605
191,481.84184184184187,0.0005145667566550666
192,482.08708708708707,0.0006257716520975596
193,482.3323323323323,0.0007473612908015935
194,482.5775775775776,0.0008791789073870454
195,482.82282282282284,0.0010210756369293504
196,483.06806806806804,0.0011728983471365917
197,483.3133133133133,0.0013344897822839027
198,483.55855855855856,0.0015056887082154926
199,483.8038038038038,0.0016863462535404215
200,484.049049049049,0.0018762949318352575
201,484.2942942942943,0.0020753506635170713
202,484.53953953953953,0.002283338047971049
203,484.7847847847848,0.002500078431532159
204,485.03003003003005,0.00272539005549971
205,485.27527527527525,0.0029590916629941687
206,485.5205205205205,0.003201039313269755
207,485.76576576576576,0.003451002440719622
208,486.011011011011,0.00370878858001753
209,486.2562562562563,0.003974202887692307
210,486.5015015015015,0.004247048288148466
211,486.74674674674674,0.004527125618927451
212,486.991991991992,0.004814276521642626
213,487.23723723723725,0.005108290162565983
214,487.4824824824825,0.005408934863210725
215,487.7277277277277,0.005716004723825321
216,487.97297297297297,0.006029292457582849
217,488.2182182182182,0.006348589528897901
218,488.4634634634635,0.006673696533673673
219,488.7087087087087,0.007004470712580243
220,488.95395395395394,0.007340629842788346
221,489.1991991991992,0.00768196185895039
222,489.44444444444446,0.00802825410448519
223,489.68968968968966,0.008379293459635532
224,489.9349349349349,0.008734866467549679
225,490.1801801801802,0.009094833452232894
226,490.42542542542543,0.009458953870254042
227,490.6706706706707,0.009826974881537063
228,490.9159159159159,0.010198682965264317
229,491.16116116116115,0.01057386485239108
230,491.4064064064064,0.010952307638720451
231,491.65165165165166,0.01133382173717835
232,491.8968968968969,0.011718288626247374
233,492.1421421421421,0.01210538897317505
234,492.3873873873874,0.012494912437977455
235,492.63263263263264,0.01288664956609963
236,492.8778778778779,0.013280391887073195
237,493.12312312312315,0.013675932010668253
238,493.36836836836835,0.014073188435376971
239,493.6136136136136,0.01447189390690885
240,493.85885885885887,0.014871791257171476
241,494.1041041041041,0.015272678300209747
242,494.3493493493493,0.015674354364021807
243,494.5945945945946,0.01607662037164554
244,494.83983983983984,0.016479312036840697
245,495.0850850850851,0.0168823227920984
246,495.3303303303303,0.017285343011829737
247,495.57557557557556,0.01768818071375307
248,495.8208208208208,0.018090645872128924
249,496.06606606606607,0.018492550483877768
250,496.31131131131133,0.018893708632234454
251,496.55655655655653,0.019294095220758967
252,496.8018018018018,0.019693431331182468
253,497.04704704704704,0.020091483820199006
254,497.2922922922923,0.02048807560729623
255,497.53753753753756,0.020883031973866033
256,497.78278278278276,0.021276180612727097
257,498.028028028028,0.021667407855723738
258,498.2732732732733,0.02205664739044231
259,498.51851851851853,0.022443583481113253
260,498.7637637637638,0.022828053806585615
261,499.009009009009,0.02320989866611517
262,499.25425425425425,0.023588961015825492
263,499.4994994994995,0.023965086503086323
264,499.74474474474476,0.024338306103012856
265,499.98998998999,0.024708341124797764
266,500.2352352352352,0.02507268320899881
267,500.4804804804805,0.02543337451086916
268,500.72572572572574,0.025790374344012344
269,500.97097097097094,0.026143547049937352
270,501.2162162162162,0.026492842298677172
271,501.46146146146145,0.026838227895632123
272,501.7067067067067,0.027179402216570586
273,501.95195195195197,0.027516241101887107
274,502.19719719719717,0.027848623336867023
275,502.4424424424424,0.02817643066260801
276,502.6876876876877,0.028499547785404616
277,502.93293293293294,0.028818053278069446
278,503.1781781781782,0.029131685795619304
279,503.4234234234234,0.029440303790181133
280,503.66866866866866,0.029743803750175216
281,503.9139139139139,0.030042085152557216
282,504.1591591591592,0.030335050463992767
283,504.40440440440443,0.03062270762181752
284,504.64964964964963,0.030905040360314287
285,504.8948948948949,0.031181786051613185
286,505.14014014014015,0.03145285893276687
287,505.3853853853854,0.03171817621663174
288,505.63063063063066,0.03197765808623042
289,505.87587587587586,0.03223122768808211
290,506.1211211211211,0.03247904502071462
291,506.3663663663664,0.032720835395732485
292,506.6116116116116,0.03295650325769943
293,506.85685685685684,0.033185983356891394
294,507.1021021021021,0.03340921335849873
295,507.34734734734735,0.03362613383058374
296,507.5925925925926,0.03383679784969669
297,507.8378378378378,0.03404119471450327
298,508.08308308308307,0.03423912291636832
299,508.3283283283283,0.03443053433577394
300,508.5735735735736,0.034615383684021936
301,508.81881881881884,0.03479362848689666
302,509.06406406406404,0.03496522906768909
303,509.3093093093093,0.035130401687882507
304,509.55455455455456,0.035288874646528565
305,509.7997997997998,0.03544060205069677
306,510.0450450450451,0.03558555506795965
307,510.2902902902903,0.03572370756998991
308,510.53553553553553,0.035855036112341275
309,510.7807807807808,0.03597962908254878
310,511.02602602602605,0.03609748152260731
311,511.2712712712713,0.03620845596907753
312,511.5165165165165,0.036312539362889404
313,511.76176176176176,0.036409721221458996
314,512.007007007007,0.03649999361593734
315,512.2522522522522,0.0365833511480803
316,512.4974974974975,0.03666007186292504
317,512.7427427427427,0.0367298746680952
318,512.9879879879879,0.03679276109418618
319,513.2332332332332,0.03684873546386465
320,513.4784784784785,0.03689780451074734
321,513.7237237237238,0.036939977354405996
322,513.968968968969,0.03697538372636052
323,514.2142142142142,0.03700402564453693
324,514.4594594594595,0.03702581198206893
325,514.7047047047047,0.03704076102026132
326,514.94994994995,0.03704889329867684
327,515.1951951951952,0.0370502315886677
328,515.4404404404404,0.037044814452266484
329,515.6856856856857,0.03703290591260927
330,515.9309309309309,0.03701428336028095
331,516.1761761761761,0.036988978081034164
332,516.4214214214214,0.036957023458639854
333,516.6666666666666,0.03691845494724822
334,516.911911911912,0.03687331004356688
335,517.1571571571571,0.0368217378631449
336,517.4024024024025,0.03676374913517498
337,517.6476476476477,0.03669930693183786
338,517.8928928928929,0.03662845654065999
339,518.1381381381382,0.036551245151585164
340,518.3833833833834,0.036467721828195805
341,518.6286286286286,0.0363779602427535
342,518.8738738738739,0.03628218341631283
343,519.1191191191191,0.036180250544362684
344,519.3643643643644,0.03607221778793959
345,519.6096096096096,0.03595814303764211
346,519.8548548548548,0.03583808588402107
347,520.1001001001001,0.035712107587837646
348,520.3453453453453,0.03558042623369379
349,520.5905905905906,0.03544303888325228
350,520.8358358358358,0.03529992065865143
351,521.081081081081,0.03515113909008508
352,521.3263263263264,0.03499676322994645
353,521.5715715715716,0.03483686362234659
354,521.8168168168168,0.034671534276284825
355,522.0620620620621,0.03450094140908698
356,522.3073073073073,0.034325042957424654
357,522.5525525525526,0.034143915066517996
358,522.7977977977978,0.0339576352207336
359,523.0430430430431,0.033766282212398746
360,523.2882882882883,0.03356993611049801
361,523.5335335335335,0.03336880899335552
362,523.7787787787788,0.03316290938103496
363,524.024024024024,0.03295226073399912
364,524.2692692692692,0.03273694784118971
365,524.5145145145145,0.03251705661263392
366,524.7597597597597,0.032292674047503626
367,525.005005005005,0.032063925142343394
368,525.2502502502502,0.03183099530771775
369,525.4954954954954,0.031593837709115793
370,525.7407407407408,0.031352543324619335
371,525.985985985986,0.031107204062854825
372,526.2312312312313,0.030857912730469297
373,526.4764764764765,0.030604762999517497
374,526.7217217217217,0.03034795901197634
375,526.966966966967,0.03008752152806947
376,527.2122122122122,0.02982350802438155
377,527.4574574574574,0.02955601526586068
378,527.7027027027027,0.029285140721033935
379,527.9479479479479,0.029010982528924124
380,528.1931931931932,0.028733665670021034
381,528.4384384384384,0.028453332555725283
382,528.6836836836837,0.028170011260262633
383,528.9289289289289,0.02788380225301277
384,529.1741741741741,0.027594806509333013
385,529.4194194194195,0.02730312547714256
386,529.6646646646647,0.0270088610434665
387,529.9099099099099,0.0267122228626691
388,530.1551551551552,0.026413229666414798
389,530.4004004004004,0.02611195686872856
390,530.6456456456457,0.02580850776307085
391,530.8908908908909,0.025502985917151208
392,531.1361361361361,0.025195495139362773
393,531.3813813813814,0.024886176056661286
394,531.6266266266266,0.02457516930464406
395,531.8718718718719,0.02426250238753955
396,532.1171171171171,0.023948279736302387
397,532.3623623623623,0.023632605857500762
398,532.6076076076076,0.02331558529988419
399,532.8528528528528,0.02299732262100225
400,533.098098098098,0.022677982891517276
401,533.3433433433433,0.022357617759221342
402,533.5885885885886,0.022036321142538583
403,533.8338338338339,0.021714197309725503
404,534.0790790790791,0.021391350373781384
405,534.3243243243244,0.021067884259545394
406,534.5695695695696,0.020743934791577868
407,534.8148148148148,0.020419622400191604
408,535.0600600600601,0.02009499756807132
409,535.3053053053053,0.019770163160626197
410,535.5505505505505,0.01944522169481683
411,535.7957957957958,0.019120275307071725
412,536.041041041041,0.018795425721381667
413,536.2862862862863,0.01847082272386939
414,536.5315315315315,0.018146520740748094
415,536.7767767767767,0.017822615324942434
416,537.022022022022,0.017499206260289
417,537.2672672672672,0.01717639276329884
418,537.5125125125126,0.01685427345251535
419,537.7577577577578,0.016532973033303342
420,538.003003003003,0.01621259351586291
421,538.2482482482483,0.015893196855628747
422,538.4934934934935,0.015574879018865163
423,538.7387387387387,0.015257735226712064
424,538.983983983984,0.014941859926205166
425,539.2292292292292,0.014627346761620464
426,539.4744744744745,0.014314327264253541
427,539.7197197197197,0.014002853348329763
428,539.964964964965,0.013693014919380861
429,540.2102102102102,0.013384902172043215
430,540.4554554554554,0.013078604361610067
431,540.7007007007007,0.012774209777518239
432,540.9459459459459,0.012471821989012501
433,541.1911911911911,0.012171525488850575
434,541.4364364364365,0.011873388714126371
435,541.6816816816817,0.011577495881185527
436,541.926926926927,0.011283930115516075
437,542.1721721721722,0.010992773427779164
438,542.4174174174174,0.010704107510265976
439,542.6626626626627,0.010418036419176224
440,542.9079079079079,0.01013461112936812
441,543.1531531531532,0.00985390902324194
442,543.3983983983984,0.009576006257007583
443,543.6436436436436,0.009300977739624903
444,543.8888888888889,0.00902889711226934
445,544.1341341341341,0.00875984578173332
446,544.3793793793793,0.008493891628615958
447,544.6246246246246,0.00823109694880752
448,544.8698698698698,0.007971530164778843
449,545.1151151151151,0.007715258337499562
450,545.3603603603603,0.007462347149207623
451,545.6056056056057,0.007212861927943407
452,545.8508508508509,0.006966874198007434
453,546.0960960960961,0.006724434199319977
454,546.3413413413414,0.006485601997755434
455,546.5865865865866,0.00625043620387636
456,546.8318318318318,0.006018993959265537
457,547.0770770770771,0.005791330923479644
458,547.3223223223223,0.005567505276686309
459,547.5675675675676,0.00534756709583939
460,547.8128128128128,0.0051315648763715855
461,548.058058058058,0.004919548293501199
462,548.3033033033033,0.004711565485130485
463,548.5485485485485,0.004507663042584935
464,548.7937937937938,0.004307886483211063
465,549.039039039039,0.004112281003052513
466,549.2842842842842,0.0039208854644967464
467,549.5295295295296,0.0037337402451842515
468,549.7747747747748,0.0035508841398753824
469,550.02002002002,0.0033723543550821314
470,550.2652652652653,0.003198186504358219
471,550.5105105105105,0.003028414922508662
472,550.7557557557558,0.002863071191567427
473,551.001001001001,0.0027021859100186457
474,551.2462462462463,0.0025457883530085814
475,551.4914914914915,0.0023939061890813416
476,551.7367367367367,0.0022465654793662297
477,551.981981981982,0.0021037902520647726
478,552.2272272272272,0.001965601917638923
479,552.4724724724724,0.0018320231556790802
480,552.7177177177177,0.0017030736670814845
481,552.9629629629629,0.0015787715508184953
482,553.2082082082082,0.0014591333069431383
483,553.4534534534534,0.001344173840223214
484,553.6986986986986,0.0012339048430106522
485,553.943943943944,0.0011283389577080706
486,554.1891891891892,0.0010274869150429494
487,554.4344344344345,0.0009313573384358638
488,554.6796796796797,0.000839957283132962
489,554.9249249249249,0.0007532922434623943
490,555.1701701701702,0.0006713654637728603
491,555.4154154154154,0.0005941782393877185
492,555.6606606606606,0.0005217333254559446
493,555.9059059059059,0.00045403010267437764
494,556.1511511511511,0.0003910664353380263
495,556.3963963963964,0.0003328386819653914
496,556.6416416416416,0.00027934170645984517
497,556.8868868868869,0.00023056673118518862
498,557.1321321321321,0.00018650763628096282
499,557.3773773773773,0.0001471554819643584
500,557.6226226226227,0.00011249933377510385
501,557.8678678678679,8.252682543296104e-05
502,558.1131131131131,5.722417297722295e-05
503,558.3583583583584,3.65759817553702e-05
504,558.6036036036036,2.0565672877704083e-05
505,558.8488488488489,9.175824613394017e-06
506,559.0940940940941,2.3871626256401075e-06
507,559.3393393393393,1.7907189370054245e-07
508,559.5845845845846,2.529613459763323e-06
509,559.8298298298298,9.415541571980523e-06
510,560.0750750750751,2.0813336833706366e-05
511,560.3203203203203,3.669711788267406e-05
512,560.5655655655655,5.703977726352701e-05
513,560.8108108108108,8.181307089144142e-05
514,561.056056056056,0.00011098753814002229
515,561.3013013013012,0.00014453252108153117
516,561.5465465465466,0.00018241740226427464
517,561.7917917917918,0.00022461033632671385
518,562.0370370370371,0.0002710756516909413
519,562.2822822822823,0.0003217781359180485
520,562.5275275275276,0.00037668147901435235
521,562.7727727727728,0.00043574829432346265
522,563.018018018018,0.0004989401396516554
523,563.2632632632633,0.0005662211970999831
524,563.5085085085085,0.0006375481694629005
525,563.7537537537537,0.0007128793625579398
526,563.998998998999,0.000792172347055434
527,564.2442442442442,0.0008753837461855918
528,564.4894894894895,0.0009624692579847679
529,564.7347347347347,0.0010533893371686542
530,564.97997997998,0.0011480997311318138
531,565.2252252252252,0.0012465474731416166
532,565.4704704704704,0.0013486848218285223
533,565.7157157157158,0.0014544632225094042
534,565.960960960961,0.0015638333300980161
535,566.2062062062062,0.001676745039027985
536,566.4514514514515,0.00179315588136653
537,566.6966966966967,0.0019130066512894988
538,566.9419419419419,0.0020362450867912347
539,567.1871871871872,0.002162818250214421
540,567.4324324324324,0.0022926725513996906
541,567.6776776776777,0.0024257537708368333
542,567.9229229229229,0.0025620157779946253
543,568.1681681681682,0.00270140300455901
544,568.4134134134134,0.0028438522014100276
545,568.6586586586586,0.002989306879474962
546,568.9039039039039,0.0031377100347733406
547,569.1491491491491,0.00328900417134246
548,569.3943943943943,0.0034431322890594238
549,569.6396396396397,0.003600048815247156
550,569.8848848848849,0.0037596820561985136
551,570.1301301301302,0.00392152113099605
552,570.3753753753754,0.0040855317371712736
553,570.6206206206207,0.004252045688207633
554,570.8658658658659,0.004421003248615559
555,571.1111111111111,0.004592359061265999
556,571.3563563563564,0.0047660489614249615
557,571.6016016016016,0.004942002944133173
558,571.8468468468468,0.005120160244472658
559,572.0920920920921,0.005300459890057061
560,572.3373373373373,0.005482840721748644
561,572.5825825825825,0.005667245358968274
562,572.8278278278278,0.005853634421867725
563,573.073073073073,0.006041921676803983
564,573.3183183183183,0.006232045424749849
565,573.5635635635635,0.006423943879724878
566,573.8088088088089,0.006617555188316341
567,574.0540540540541,0.006812817448980527
568,574.2992992992993,0.00700968427041231
569,574.5445445445446,0.007208086668097032
570,574.7897897897898,0.007407955188129166
571,575.035035035035,0.007609227924949382
572,575.2802802802803,0.007811843017337802
573,575.5255255255255,0.008015738666305179
574,575.7707707707708,0.008220858356243099
575,576.016016016016,0.008427156171082544
576,576.2612612612613,0.008634550626654448
577,576.5065065065065,0.00884298034379363
578,576.7517517517517,0.009052384090687161
579,576.996996996997,0.009262700799226066
580,577.2422422422422,0.009473869581091456
581,577.4874874874874,0.009685850189343703
582,577.7327327327328,0.009898569715940515
583,577.977977977978,0.010111960764000462
584,578.2232232232232,0.010325963314324792
585,578.4684684684685,0.010540517603391888
586,578.7137137137137,0.010755564137807367
587,578.958958958959,0.010971057023048517
588,579.2042042042042,0.011186960352148223
589,579.4494494494495,0.011403180597711185
590,579.6946946946947,0.011619659474475273
591,579.9399399399399,0.011836339034682584
592,580.1851851851852,0.012054198583927894
593,580.4304304304304,0.012272492295095177
594,580.6756756756756,0.012490855796148977
595,580.9209209209209,0.012709211115259557
596,581.1661661661661,0.012927494682755863
597,581.4114114114114,0.01314564988060711
598,581.6566566566567,0.013363620509692191
599,581.901901901902,0.01358135080114006
600,582.1471471471472,0.01379879882410419
601,582.3923923923924,0.014015922482013507
602,582.6376376376377,0.01423264205562409
603,582.8828828828829,0.014448903593189495
604,583.1281281281281,0.014664653625297296
605,583.3733733733734,0.014879839174531912
606,583.6186186186186,0.015094407764859957
607,583.8638638638638,0.015308338715474903
608,584.1091091091091,0.015521554211431789
609,584.3543543543543,0.015733999062099116
610,584.5995995995996,0.015945622872733992
611,584.8448448448448,0.016156375792560306
612,585.0900900900901,0.016366208522543346
613,585.3353353353353,0.016575082001555247
614,585.5805805805805,0.016782952305294245
615,585.8258258258259,0.01698975831423312
616,586.0710710710711,0.017195453001277592
617,586.3163163163163,0.01739998992588937
618,586.5615615615616,0.017603323240321125
619,586.8068068068068,0.017805407695602717
620,587.0520520520521,0.018006265264882287
621,587.2972972972973,0.018205789698935253
622,587.5425425425426,0.018403934176549473
623,587.7877877877878,0.018600655874243234
624,588.033033033033,0.018795912593268873
625,588.2782782782783,0.018989662764177663
626,588.5235235235235,0.019181885469273935
627,588.7687687687687,0.01937254178135262
628,589.014014014014,0.019561571121508286
629,589.2592592592592,0.019748934463129954
630,589.5045045045044,0.01993459342822419
631,589.7497497497498,0.020118510290659676
632,589.994994994995,0.020300648633109417
633,590.2402402402403,0.02047962647039574
634,590.4854854854855,0.020656735834523546
635,590.7307307307308,0.020831971119312245
636,590.975975975976,0.021005298696954878
637,591.2212212212212,0.021176685596331655
638,591.4664664664665,0.02134609950458454
639,591.7117117117117,0.0215135499805523
640,591.9569569569569,0.021678997501824636
641,592.2022022022022,0.02184237965064483
642,592.4474474474474,0.022003666732654886
643,592.6926926926927,0.02216282971685043
644,592.9379379379379,0.02231984023612276
645,593.1831831831832,0.022474670902763963
646,593.4284284284284,0.022627297271989488
647,593.6736736736736,0.02277769011267317
648,593.918918918919,0.022925823714757217
649,594.1641641641642,0.023071673032382382
650,594.4094094094094,0.02321521368349672
651,594.6546546546547,0.02335642194931707
652,594.8998998998999,0.023495320834261826
653,595.1451451451451,0.02363186850229807
654,595.3903903903904,0.02376601690813876
655,595.6356356356356,0.023897744951712787
656,595.8808808808809,0.02402703219145915
657,596.1261261261261,0.024153858842985404
658,596.3713713713714,0.024278210785876927
659,596.6166166166166,0.02440008841530123
660,596.8618618618618,0.024519450157846824
661,597.1071071071071,0.02463627883206707
662,597.3523523523523,0.024750557905133218
663,597.5975975975975,0.024862271490780945
664,597.8428428428429,0.024971404347145246
665,598.088088088088,0.025077979615039263
666,598.3333333333334,0.02518196093816207
667,598.5785785785786,0.025283319732224998
668,598.8238238238239,0.025382043290966563
669,599.0690690690691,0.025478119540193626
670,599.3143143143143,0.025571537035012006
671,599.5595595595596,0.025662292567954596
672,599.8048048048048,0.025750391157586407
673,600.05005005005,0.025835800446617235
674,600.2952952952953,0.02591851146773128
675,600.5405405405405,0.025998515867732143
676,600.7857857857857,0.026075805904247254
677,601.031031031031,0.026150374442352006
678,601.2762762762762,0.026222234378972312
679,601.5215215215215,0.02629136553403042
680,601.7667667667668,0.026357757362085354
681,602.0120120120121,0.026421405114648574
682,602.2572572572573,0.026482304632712155
683,602.5025025025025,0.02654045234293133
684,602.7477477477478,0.02659586229118189
685,602.992992992993,0.026648549883328043
686,603.2382382382382,0.02669847828644671
687,603.4834834834835,0.02674564621382344
688,603.7287287287287,0.026790052944483587
689,603.973973973974,0.026831698319000827
690,604.2192192192192,0.026870582735249945
691,604.4644644644645,0.026906729847751974
692,604.7097097097097,0.026940121839766157
693,604.9549549549549,0.02697075725847467
694,605.2002002002002,0.02699863867936757
695,605.4454454454454,0.02702376921327159
696,605.6906906906906,0.027046152501793656
697,605.935935935936,0.02706581293969217
698,606.1811811811812,0.027082764370900014
699,606.4264264264264,0.0270969823514849
700,606.6716716716717,0.027108472584940722
701,606.9169169169169,0.02711724128224686
702,607.1621621621622,0.02712329515705313
703,607.4074074074074,0.027126641420822235
704,607.6526526526527,0.02712731571312044
705,607.8978978978979,0.02712529973061332
706,608.1431431431431,0.027120600540895524
707,608.3883883883884,0.02711322728887274
708,608.6336336336336,0.027103189592532474
709,608.8788788788788,0.02709049753787558
710,609.1241241241241,0.027075172837638967
711,609.3693693693693,0.027057227008225715
712,609.6146146146147,0.02703665964822912
713,609.8598598598599,0.027013482658221757
714,610.1051051051052,0.026987708381101545
715,610.3503503503504,0.026959349596851704
716,610.5955955955956,0.02692842013343918
717,610.8408408408409,0.02689495558978102
718,611.0860860860861,0.026858947229764275
719,611.3313313313313,0.026820409522802683
720,611.5765765765766,0.02677935734892777
721,611.8218218218218,0.02673580599340556
722,612.067067067067,0.026689771141333436
723,612.3123123123123,0.02664128210328085
724,612.5575575575575,0.026590352017516947
725,612.8028028028028,0.02653698757946287
726,613.048048048048,0.026481206013515154
727,613.2932932932933,0.026423024916713174
728,613.5385385385385,0.026362462253226096
729,613.7837837837837,0.026299541580298052
730,614.0290290290291,0.026234319300613353
731,614.2742742742743,0.026166770936161394
732,614.5195195195195,0.02609691585293966
733,614.7647647647648,0.02602477375653713
734,615.01001001001,0.025950364686538344
735,615.2552552552553,0.025873709010916582
736,615.5005005005005,0.02579482690665061
737,615.7457457457458,0.025713739626618996
738,615.990990990991,0.0256304687699775
739,616.2362362362362,0.02554503596211731
740,616.4814814814815,0.02545746312861573
741,616.7267267267267,0.025367772489570957
742,616.9719719719719,0.025275990350375213
743,617.2172172172172,0.025182151650783878
744,617.4624624624624,0.025086263212023403
745,617.7077077077076,0.024988348371756834
746,617.952952952953,0.02488843073385573
747,618.1981981981982,0.024786534162695786
748,618.4434434434435,0.02468268277744934
749,618.6886886886887,0.024576928541893986
750,618.933933933934,0.024469278008885157
751,619.1791791791792,0.024359745849365837
752,619.4244244244244,0.024248357138492972
753,619.6696696696697,0.02413513717789009
754,619.9149149149149,0.02402011148992607
755,620.1601601601601,0.02390309863273534
756,620.4054054054054,0.023784201036125777
757,620.6506506506506,0.02366354773473183
758,620.8958958958959,0.023541165469278237
759,621.1411411411411,0.023417081181671733
760,621.3863863863864,0.023291322009105518
761,621.6316316316316,0.02316391527816551
762,621.8768768768768,0.023034897564116998
763,622.1221221221222,0.022904289284874226
764,622.3673673673674,0.022772116241026
765,622.6126126126126,0.02263840645714342
766,622.8578578578579,0.022503188117852582
767,623.1031031031031,0.022366489561961703
768,623.3483483483483,0.022228346632495476
769,623.5935935935936,0.022088793414194945
770,623.8388388388388,0.021947845444451816
771,624.0840840840841,0.021805531618023545
772,624.3293293293293,0.021661880954741457
773,624.5745745745746,0.021516922593679755
774,624.8198198198198,0.02137068578733648
775,625.065065065065,0.02122321245821773
776,625.3103103103103,0.02107452053784492
777,625.5555555555555,0.020924638212528292
778,625.8008008008007,0.020773595129924115
779,626.0460460460461,0.02062142102229834
780,626.2912912912913,0.020468145700776687
781,626.5365365365366,0.02031380524830912
782,626.7817817817818,0.020158430847904973
783,627.0270270270271,0.02000204471561853
784,627.2722722722723,0.01984467692078926
785,627.5175175175175,0.019686357583221667
786,627.7627627627628,0.01952711686752943
787,628.008008008008,0.0193669849774991
788,628.2532532532532,0.019205994802312575
789,628.4984984984985,0.019044173944675377
790,628.7437437437437,0.018881552663678372
791,628.9889889889889,0.018718161263326753
792,629.2342342342342,0.018554030058930502
793,629.4794794794794,0.018389189371591987
794,629.7247247247248,0.018223675446729582
795,629.96996996997,0.018057517586764795
796,630.2152152152153,0.017891415647660294
797,630.4604604604605,0.017724832972249922
798,630.7057057057057,0.017557706014795622
799,630.950950950951,0.017390064442816752
800,631.1961961961962,0.01722193758372279
801,631.4414414414414,0.017053351762376306
802,631.6866866866867,0.016884340195158266
803,631.9319319319319,0.016714932381269098
804,632.1771771771772,0.016545157765175397
805,632.4224224224224,0.016375045731629456
806,632.6676676676677,0.016204625600720578
807,632.9129129129129,0.016033941735003693
808,633.1581581581581,0.01586301668678662
809,633.4034034034034,0.015691870233750738
810,633.6486486486486,0.015520531393106801
811,633.8938938938938,0.015349029093429875
812,634.1391391391392,0.01517739216991377
813,634.3843843843844,0.01500564875543089
814,634.6296296296296,0.014833825139618785
815,634.8748748748749,0.014661952902712275
816,635.1201201201201,0.014490060459262205
817,635.3653653653654,0.014318176107227862
818,635.6106106106106,0.01414632802345962
819,635.8558558558559,0.013974544259222104
820,636.1011011011011,0.013802852732848911
821,636.3463463463463,0.013631281233069819
822,636.5915915915916,0.013459857409149595
823,636.8368368368368,0.013288608766078989
824,637.082082082082,0.013117562661512785
825,637.3273273273273,0.01294674630155094
826,637.5725725725725,0.012776188777092676
827,637.8178178178179,0.012605920579578964
828,638.063063063063,0.012435962440433086
829,638.3083083083084,0.01226634092206498
830,638.5535535535536,0.012097082415031218
831,638.7987987987988,0.011928213134095719
832,639.0440440440441,0.01175975911433867
833,639.2892892892893,0.011591746065340738
834,639.5345345345345,0.011424199768171722
835,639.7797797797798,0.011257145731506844
836,640.025025025025,0.011090609233634877
837,640.2702702702702,0.010924615354459113
838,640.5155155155155,0.010759188971914265
839,640.7607607607607,0.010594356093151189
840,641.006006006006,0.010430142149583262
841,641.2512512512512,0.010266568835887963
842,641.4964964964965,0.01010366019154497
843,641.7417417417417,0.009941440037015564
844,641.986986986987,0.009779931970481187
845,642.2322322322323,0.009619159364640181
846,642.4774774774775,0.009459145365213424
847,642.7227227227227,0.009299912882945377
848,642.967967967968,0.009141484595236676
849,643.2132132132132,0.008983882941958558
850,643.4584584584585,0.008827130122338241
851,643.7037037037037,0.008671248092102644
852,643.948948948949,0.00851625956036811
853,644.1941941941942,0.008362186083734631
854,644.4394394394394,0.008209047560207563
855,644.6846846846847,0.008056864948897992
856,644.9299299299299,0.007905658952075564
857,645.1751751751751,0.007755450012669558
858,645.4204204204204,0.007606258311832753
859,645.6656656656656,0.007458104927218697
860,645.9109109109108,0.007311008320111748
861,646.1561561561562,0.007164987861812842
862,646.4014014014014,0.0070200626636486105
863,646.6466466466467,0.006876251563926813
864,646.8918918918919,0.006733573125875251
865,647.1371371371372,0.0065920450090583204
866,647.3823823823824,0.006451685354946724
867,647.6276276276276,0.006312512439246111
868,647.8728728728729,0.006174543704464113
869,648.1181181181181,0.006037796308656326
870,648.3633633633633,0.005902287123746304
871,648.6086086086086,0.0057680328594474604
872,648.8538538538538,0.005635050897753539
873,649.0990990990991,0.005503355825429458
874,649.3443443443443,0.0053729633607457125
875,649.5895895895897,0.005243888928440209
876,649.8348348348349,0.005116147658423952
877,650.08008008008,0.0049897543845498025
878,650.3253253253254,0.004864723646541274
879,650.5705705705706,0.004741069689601731
880,650.8158158158158,0.004618806452361277
881,651.0610610610611,0.004497947573010409
882,651.3063063063063,0.0043785063884971085
883,651.5515515515515,0.00426049593368334
884,651.7967967967968,0.004143929070014476
885,652.042042042042,0.004028818651836736
886,652.2872872872873,0.003915176212680876
887,652.5325325325325,0.0038030135726565295
888,652.7777777777778,0.0036923422465383903
889,653.023023023023,0.0035831734433070736
890,653.2682682682682,0.003475518065752664
891,653.5135135135135,0.003369385749075461
892,653.7587587587587,0.0032647873510203034
893,654.004004004004,0.0031617332030938437
894,654.2492492492493,0.00306023298511258
895,654.4944944944945,0.0029602960696591906
896,654.7397397397398,0.002861931522060198
897,654.984984984985,0.002765148525659269
898,655.2302302302303,0.0026699562125795636
899,655.4754754754755,0.002576361651415253
900,655.7207207207207,0.0024843726746120644
901,655.965965965966,0.0023939968081800834
902,656.2112112112112,0.0023052412720377005
903,656.4564564564564,0.0022181129804140897
904,656.7017017017017,0.0021326172901051724
905,656.9469469469469,0.0020487614947816515
906,657.1921921921921,0.0019665518523388523
907,657.4374374374374,0.0018859940638169602
908,657.6826826826826,0.0018070935274386146
909,657.927927927928,0.0017298553393576045
910,658.1731731731732,0.0016542844352857454
911,658.4184184184185,0.001580385382282055
912,658.6636636636637,0.0015081621402302365
913,658.9089089089089,0.0014376186061694067
914,659.1541541541542,0.0013687583796443787
915,659.3993993993994,0.0013015847637836214
916,659.6446446446446,0.0012361007664290972
917,659.8898898898899,0.001172309191419179
918,660.1351351351351,0.0011102123754483772
919,660.3803803803804,0.0010498124407717232
920,660.6256256256256,0.0009911112260374796
921,660.8708708708709,0.0009341102810329106
922,661.1161161161161,0.0008788108681195702
923,661.3613613613613,0.0008252140347898203
924,661.6066066066066,0.0007733204670205737
925,661.8518518518518,0.0007231304945936705
926,662.097097097097,0.0006746442463891807
927,662.3423423423424,0.0006278615717419633
928,662.5875875875876,0.0005827820421565693
929,662.8328328328328,0.0005394049130898171
930,663.0780780780781,0.0004977281191498469
931,663.3233233233233,0.0004577515982682606
932,663.5685685685686,0.00041947383246576355
933,663.8138138138138,0.00038289303511694265
934,664.0590590590591,0.0003480071529186611
935,664.3043043043043,0.00031481386789881753
936,664.5495495495495,0.00028331122129923204
937,664.7947947947948,0.0002534961237474137
938,665.04004004004,0.0002253650128711861
939,665.2852852852852,0.0001989145287829364
940,665.5305305305305,0.00017414105759099631
941,665.7757757757757,0.00015104073363228485
942,666.021021021021,0.00012960944112549647
943,666.2662662662663,0.00010984281284208915
944,666.5115115115116,9.173624339014897e-05
945,666.7567567567568,7.528488187645793e-05
946,667.002002002002,6.0483637310094736e-05
947,667.2472472472473,4.732718102920118e-05
948,667.4924924924925,3.5809949157238465e-05
949,667.7377377377377,2.5926194389770006e-05
950,667.982982982983,1.766985574119697e-05
951,668.2282282282282,1.1034655533678314e-05
952,668.4734734734734,6.0141146323912465e-06
953,668.7187187187187,2.601531379029274e-06
954,668.9639639639639,7.899842078758499e-07
955,669.2092092092092,5.723396666155448e-07
956,669.4544544544544,1.941334734294108e-06
957,669.6996996996997,4.8894381906264105e-06
958,669.944944944945,9.408879215811908e-06
959,670.1901901901902,1.5491680436153756e-05
960,670.4354354354355,2.3129660669802454e-05
961,670.6806806806807,3.2314437691370583e-05
962,670.9259259259259,4.3037062632307254e-05
963,671.1711711711712,5.5288899339478224e-05
964,671.4164164164164,6.906105658269432e-05
965,671.6616616616617,8.434437301526664e-05
966,671.9069069069069,0.00010112950039056827
967,672.1521521521522,0.00011940690642340941
968,672.3973973973974,0.00013916682279313766
969,672.6426426426426,0.00016039929560761392
970,672.8878878878879,0.00018309435337236028
971,673.1331331331331,0.00020724175563854673
972,673.3783783783783,0.00023283109242271726
973,673.6236236236236,0.0002598517871356888
974,673.8688688688688,0.0002882930995198225
975,674.114114114114,0.0003181441905445453
976,674.3593593593594,0.00034939395175987277
977,674.6046046046046,0.0003820311635721202
978,674.8498498498499,0.00041604446106510305
979,675.0950950950951,0.00045142233043523873
980,675.3403403403404,0.00048815311196415633
981,675.5855855855856,0.000526223897264742
982,675.8308308308308,0.0005656223677874403
983,676.0760760760761,0.0006063377068348827
984,676.3213213213213,0.0006483576976437325
985,676.5665665665665,0.0006916699925264998
986,676.8118118118118,0.0007362621158531772
987,677.057057057057,0.0007821214925236392
988,677.3023023023023,0.00082923815859048
989,677.5475475475475,0.0008775966901308494
990,677.7927927927929,0.0009271841319958224
991,678.038038038038,0.0009779874158939033
992,678.2832832832833,0.0010299933633576774
993,678.5285285285286,0.0010831886887048968
994,678.7737737737738,0.0011375599335888104
995,679.019019019019,0.0011930936165808544
996,679.2642642642643,0.00124977619921494
997,679.5095095095095,0.001307593996384303
998,679.7547547547547,0.0013665332304827816
999,680.0,0.001426580034323611
